Date,Open,High,Low,Close,Volume
2021-01-01 00:00:00,0.3316,0.3678,0.3363,0.3604,19955192
2021-01-01 06:00:00,0.3505,0.3797,0.3602,0.3678,15153296
2021-01-01 12:00:00,0.3679,0.4349,0.3679,0.399,48317561
2021-01-01 18:00:00,0.3882,0.4288,0.3989,0.3991,29225513
2021-01-02 00:00:00,0.3819,0.4567,0.3987,0.4452,35401527
2021-01-02 06:00:00,0.4261,0.4647,0.4452,0.4546,32020615
2021-01-02 12:00:00,0.397,0.4578,0.4551,0.4145,24918160
2021-01-02 18:00:00,0.3887,0.4196,0.4145,0.4082,16746742
2021-01-03 00:00:00,0.4045,0.4361,0.4078,0.4195,21882373
2021-01-03 06:00:00,0.3982,0.4321,0.4197,0.4106,10667464
2021-01-03 12:00:00,0.4047,0.4373,0.4106,0.4209,19914670
2021-01-03 18:00:00,0.4053,0.4287,0.4205,0.4258,15184711
2021-01-04 00:00:00,0.4262,0.4627,0.4262,0.4487,22678468
2021-01-04 06:00:00,0.3676,0.4562,0.4488,0.3968,18179995
2021-01-04 12:00:00,0.385,0.415,0.3972,0.3915,10456779
2021-01-04 18:00:00,0.3913,0.4498,0.3917,0.4495,13151062
2021-01-05 00:00:00,0.4033,0.468,0.4474,0.4097,31978805
2021-01-05 06:00:00,0.4053,0.47,0.4093,0.4605,15429456
2021-01-05 12:00:00,0.4446,0.496,0.4602,0.481,26248018
2021-01-05 18:00:00,0.4568,0.4955,0.4816,0.4807,21835374
2021-01-06 00:00:00,0.4574,0.4899,0.4804,0.4624,13453805
2021-01-06 06:00:00,0.4572,0.505,0.4625,0.4877,14477171
2021-01-06 12:00:00,0.4778,0.5344,0.4881,0.5254,24049605
2021-01-06 18:00:00,0.47,0.53,0.5254,0.513,22931823
2021-01-07 00:00:00,0.491,0.52,0.5126,0.5053,13760597
2021-01-07 06:00:00,0.475,0.52,0.5051,0.4823,12081719
2021-01-07 12:00:00,0.481,0.5084,0.4825,0.4894,12160154
2021-01-07 18:00:00,0.4335,0.4915,0.4894,0.4615,17820854
2021-01-08 00:00:00,0.4111,0.4659,0.4624,0.4347,16564815
2021-01-08 06:00:00,0.4301,0.4794,0.4345,0.4666,7672964
2021-01-08 12:00:00,0.4475,0.4881,0.4665,0.457,12390734
2021-01-08 18:00:00,0.4281,0.4582,0.4572,0.4557,8757427
2021-01-09 00:00:00,0.4364,0.4745,0.4557,0.4565,10497703
2021-01-09 06:00:00,0.4535,0.4844,0.4557,0.4761,6921560
2021-01-09 12:00:00,0.4687,0.495,0.4763,0.4818,9729522
2021-01-09 18:00:00,0.4774,0.4938,0.4817,0.4868,9874980
2021-01-10 00:00:00,0.4864,0.51,0.4864,0.5017,10532961
2021-01-10 06:00:00,0.4511,0.5159,0.5013,0.4599,10712970
2021-01-10 12:00:00,0.4309,0.4794,0.4598,0.4528,14128520
2021-01-10 18:00:00,0.41,0.4662,0.4527,0.4575,14171658
2021-01-11 00:00:00,0.3941,0.4605,0.4575,0.4092,16854334
2021-01-11 06:00:00,0.3877,0.4364,0.409,0.4166,9247637
2021-01-11 12:00:00,0.3701,0.4242,0.4169,0.395,22226279
2021-01-11 18:00:00,0.3886,0.4191,0.3952,0.4178,10089577
2021-01-12 00:00:00,0.3971,0.4254,0.4179,0.4234,9501276
2021-01-12 06:00:00,0.4,0.4346,0.4235,0.4136,5111028
2021-01-12 12:00:00,0.3906,0.4184,0.4135,0.4143,8032236
2021-01-12 18:00:00,0.3908,0.4184,0.4146,0.3989,8105883
2021-01-13 00:00:00,0.3802,0.4064,0.3992,0.405,7591595
2021-01-13 06:00:00,0.4028,0.4275,0.4049,0.4143,3522517
2021-01-13 12:00:00,0.4115,0.447,0.4143,0.4444,7014956
2021-01-13 18:00:00,0.4361,0.453,0.4444,0.4505,6706842
2021-01-14 00:00:00,0.4296,0.453,0.4502,0.4317,6286842
2021-01-14 06:00:00,0.4315,0.4466,0.4316,0.4396,2475801
2021-01-14 12:00:00,0.4358,0.4628,0.4396,0.4563,5420962
2021-01-14 18:00:00,0.4336,0.4672,0.4564,0.4557,6823387
2021-01-15 00:00:00,0.4526,0.4899,0.4558,0.4542,11841218
2021-01-15 06:00:00,0.4522,0.498,0.4537,0.4813,11015228
2021-01-15 12:00:00,0.425,0.4939,0.4808,0.4512,17176100
2021-01-15 18:00:00,0.4457,0.492,0.4518,0.4866,6948516
2021-01-16 00:00:00,0.4834,0.5137,0.4865,0.4965,12059887
2021-01-16 06:00:00,0.495,0.5472,0.4965,0.5386,12730129
2021-01-16 12:00:00,0.5152,0.55,0.539,0.5289,12865431
2021-01-16 18:00:00,0.4857,0.533,0.5288,0.5189,13039885
2021-01-17 00:00:00,0.5005,0.54,0.5186,0.5026,10387533
2021-01-17 06:00:00,0.4828,0.5263,0.5032,0.5187,9623008
2021-01-17 12:00:00,0.5121,0.5495,0.5191,0.5427,9995264
2021-01-17 18:00:00,0.5369,0.5889,0.5423,0.5874,14461510
2021-01-18 00:00:00,0.5502,0.6069,0.5867,0.5654,18622250
2021-01-18 06:00:00,0.5555,0.59,0.5647,0.5603,6933050
2021-01-18 12:00:00,0.5415,0.5634,0.5603,0.5464,7947726
2021-01-18 18:00:00,0.5435,0.5784,0.5464,0.567,7715661
2021-01-19 00:00:00,0.545,0.5719,0.5666,0.5474,7930688
2021-01-19 06:00:00,0.5437,0.574,0.547,0.5629,5716354
2021-01-19 12:00:00,0.545,0.5649,0.5636,0.5542,6526620
2021-01-19 18:00:00,0.5152,0.5545,0.5541,0.5211,9715123
2021-01-20 00:00:00,0.5061,0.5384,0.5214,0.5299,6764861
2021-01-20 06:00:00,0.4923,0.5439,0.5297,0.4996,6284075
2021-01-20 12:00:00,0.485,0.5175,0.4996,0.5109,9011453
2021-01-20 18:00:00,0.5036,0.5498,0.5116,0.5486,6950620
2021-01-21 00:00:00,0.5061,0.55,0.5487,0.5151,6536790
2021-01-21 06:00:00,0.4876,0.5229,0.5152,0.4877,7417650
2021-01-21 12:00:00,0.4661,0.4989,0.4879,0.4763,13433747
2021-01-21 18:00:00,0.4487,0.4905,0.4764,0.4616,8688633
2021-01-22 00:00:00,0.4251,0.4819,0.4615,0.4813,15228636
2021-01-22 06:00:00,0.4691,0.5019,0.4815,0.4981,4642628
2021-01-22 12:00:00,0.4983,0.5398,0.4989,0.5351,10395148
2021-01-22 18:00:00,0.5025,0.5365,0.5356,0.5085,7705487
2021-01-23 00:00:00,0.5021,0.5425,0.5087,0.5394,8907023
2021-01-23 06:00:00,0.5128,0.5525,0.5396,0.5164,7448136
2021-01-23 12:00:00,0.5111,0.5723,0.5163,0.5595,14260954
2021-01-23 18:00:00,0.5488,0.5678,0.5596,0.5571,6657235
2021-01-24 00:00:00,0.5553,0.5848,0.557,0.5644,10166555
2021-01-24 06:00:00,0.5511,0.5789,0.5645,0.5685,4882843
2021-01-24 12:00:00,0.5528,0.579,0.5689,0.5683,7981275
2021-01-24 18:00:00,0.5481,0.5784,0.5685,0.5631,8469905
2021-01-25 00:00:00,0.5622,0.6145,0.5631,0.6081,13310333
2021-01-25 06:00:00,0.5925,0.6341,0.6081,0.6237,12048681
2021-01-25 12:00:00,0.5892,0.6278,0.623,0.5984,10915881
2021-01-25 18:00:00,0.5501,0.5997,0.5985,0.5562,9874098
2021-01-26 00:00:00,0.55,0.5848,0.5557,0.5666,11950600
2021-01-26 06:00:00,0.5461,0.5709,0.5665,0.5604,5348362
2021-01-26 12:00:00,0.5355,0.5748,0.56,0.5736,9253802
2021-01-26 18:00:00,0.5731,0.62,0.5736,0.6012,15331774
2021-01-27 00:00:00,0.56,0.6026,0.6018,0.5641,8759161
2021-01-27 06:00:00,0.5481,0.5862,0.5641,0.5495,8518403
2021-01-27 12:00:00,0.5248,0.5656,0.5496,0.5419,11811947
2021-01-27 18:00:00,0.5293,0.5599,0.5419,0.542,7417689
2021-01-28 00:00:00,0.5268,0.5657,0.5419,0.5624,8915468
2021-01-28 06:00:00,0.5452,0.5691,0.5625,0.5555,4579015
2021-01-28 12:00:00,0.5532,0.5784,0.5561,0.5667,7267133
2021-01-28 18:00:00,0.56,0.5812,0.567,0.561,9496387
2021-01-29 00:00:00,0.56,0.589,0.5609,0.5762,11414049
2021-01-29 06:00:00,0.5522,0.581,0.5761,0.5639,7590100
2021-01-29 12:00:00,0.5573,0.6003,0.564,0.5726,8993226
2021-01-29 18:00:00,0.569,0.6888,0.5721,0.6367,39103660
2021-01-30 00:00:00,0.6137,0.6788,0.637,0.6336,20619019
2021-01-30 06:00:00,0.6247,0.668,0.6334,0.6451,8871758
2021-01-30 12:00:00,0.6435,0.704,0.6451,0.6747,21476049
2021-01-30 18:00:00,0.6407,0.6778,0.6747,0.6654,12468087
2021-01-31 00:00:00,0.6452,0.6796,0.666,0.6718,11921206
2021-01-31 06:00:00,0.64,0.679,0.6723,0.6523,7774741
2021-01-31 12:00:00,0.6276,0.7002,0.651,0.6303,16839578
2021-01-31 18:00:00,0.6211,0.6548,0.6303,0.6532,10808617
2021-02-01 00:00:00,0.6219,0.6532,0.6523,0.6355,10262226
2021-02-01 06:00:00,0.623,0.6674,0.6355,0.6434,9570226
2021-02-01 12:00:00,0.6172,0.647,0.6431,0.6439,9561788
2021-02-01 18:00:00,0.6353,0.6599,0.6439,0.644,10987501
2021-02-02 00:00:00,0.625,0.6482,0.6442,0.6392,8607602
2021-02-02 06:00:00,0.6373,0.6621,0.6399,0.6471,5176558
2021-02-02 12:00:00,0.6426,0.6735,0.6469,0.6473,10260252
2021-02-02 18:00:00,0.643,0.66,0.6476,0.6515,8566350
2021-02-03 00:00:00,0.6477,0.6665,0.6515,0.6619,8209482
2021-02-03 06:00:00,0.6584,0.6776,0.6623,0.6686,4673216
2021-02-03 12:00:00,0.6681,0.7152,0.6685,0.7057,14569831
2021-02-03 18:00:00,0.7021,0.7534,0.7056,0.7465,19977839
2021-02-04 00:00:00,0.7025,0.7628,0.7466,0.7169,17345560
2021-02-04 06:00:00,0.675,0.7398,0.7169,0.6894,10110520
2021-02-04 12:00:00,0.6832,0.7382,0.6887,0.7201,12235287
2021-02-04 18:00:00,0.7051,0.7517,0.7192,0.7072,18935537
2021-02-05 00:00:00,0.7001,0.76,0.7065,0.7597,16491169
2021-02-05 06:00:00,0.758,0.8355,0.7594,0.8183,24682866
2021-02-05 12:00:00,0.8034,0.8932,0.8178,0.8543,30096754
2021-02-05 18:00:00,0.806,0.8686,0.8544,0.836,15620642
2021-02-06 00:00:00,0.7367,0.8414,0.8356,0.7853,19795128
2021-02-06 06:00:00,0.7529,0.8118,0.7853,0.7561,8977859
2021-02-06 12:00:00,0.75,0.8023,0.7559,0.7962,10891364
2021-02-06 18:00:00,0.7891,0.865,0.7966,0.8135,22410122
2021-02-07 00:00:00,0.77,0.8387,0.8138,0.7951,13123421
2021-02-07 06:00:00,0.7848,0.8776,0.7947,0.8523,9984777
2021-02-07 12:00:00,0.7726,0.8707,0.8523,0.8073,16108766
2021-02-07 18:00:00,0.8028,0.8556,0.8073,0.8462,13936420
2021-02-08 00:00:00,0.8405,0.8907,0.8461,0.8624,16612626
2021-02-08 06:00:00,0.8587,0.9571,0.8624,0.9409,14978700
2021-02-08 12:00:00,0.8561,0.9676,0.941,0.9665,22046400
2021-02-08 18:00:00,0.9603,1.0989,0.9665,1.0066,50234057
2021-02-09 00:00:00,0.96,1.0632,1.0067,0.9978,25419413
2021-02-09 06:00:00,0.9636,1.0101,0.9983,1.0006,8975504
2021-02-09 12:00:00,0.9685,1.0435,1.0006,1.0225,17336225
2021-02-09 18:00:00,1.014,1.0812,1.0234,1.0303,17409572
2021-02-10 00:00:00,0.995,1.0497,1.0307,1.0018,17044105
2021-02-10 06:00:00,0.9975,1.0438,1.0017,1.0329,8605368
2021-02-10 12:00:00,0.9177,1.0354,1.0328,0.9963,25934548
2021-02-10 18:00:00,0.973,1.05,0.9957,1.0326,14140506
2021-02-11 00:00:00,1.0319,1.225,1.033,1.1971,40398017
2021-02-11 06:00:00,1.1413,1.2457,1.1963,1.2293,19354969
2021-02-11 12:00:00,1.17,1.3063,1.2294,1.2802,36488427
2021-02-11 18:00:00,1.1599,1.291,1.2816,1.2396,28309745
2021-02-12 00:00:00,1.1765,1.2743,1.2395,1.2133,21059402
2021-02-12 06:00:00,1.1954,1.4452,1.2133,1.3848,30046291
2021-02-12 12:00:00,1.3654,1.8585,1.3852,1.6678,70273063
2021-02-12 18:00:00,1.61,1.7779,1.6676,1.7221,40597573
2021-02-13 00:00:00,1.663,1.8,1.7227,1.7025,26863795
2021-02-13 06:00:00,1.35,1.7042,1.7031,1.4971,26934192
2021-02-13 12:00:00,1.4598,1.6708,1.4996,1.5581,27873463
2021-02-13 18:00:00,1.5541,1.7695,1.5583,1.674,28452256
2021-02-14 00:00:00,1.523,1.6907,1.675,1.5541,17134160
2021-02-14 06:00:00,1.5254,1.6374,1.5543,1.5655,9396256
2021-02-14 12:00:00,1.4036,1.5651,1.5646,1.4746,27252534
2021-02-14 18:00:00,1.4667,1.5603,1.4739,1.4734,15151380
2021-02-15 00:00:00,1.1928,1.5024,1.4727,1.2969,53272566
2021-02-15 06:00:00,1.2939,1.4519,1.2961,1.4327,14654352
2021-02-15 12:00:00,1.4006,1.5476,1.4327,1.4891,19336304
2021-02-15 18:00:00,1.3009,1.503,1.4892,1.3571,26119248
2021-02-16 00:00:00,1.3153,1.45,1.3565,1.3974,20303218
2021-02-16 06:00:00,1.3712,1.4691,1.3974,1.3959,8408673
2021-02-16 12:00:00,1.2942,1.4263,1.395,1.3116,16280129
2021-02-16 18:00:00,1.2664,1.3368,1.3112,1.3141,16968242
2021-02-17 00:00:00,1.2,1.325,1.3144,1.2256,20143893
2021-02-17 06:00:00,1.2226,1.3488,1.2264,1.3444,12600303
2021-02-17 12:00:00,1.3182,1.4224,1.3444,1.3809,20479741
2021-02-17 18:00:00,1.3462,1.4174,1.3813,1.3684,13476861
2021-02-18 00:00:00,1.365,1.453,1.3689,1.4386,19495942
2021-02-18 06:00:00,1.35,1.4401,1.4381,1.3791,6573393
2021-02-18 12:00:00,1.35,1.4059,1.3794,1.3773,8120007
2021-02-18 18:00:00,1.3701,1.44,1.3765,1.3988,12142834
2021-02-19 00:00:00,1.3,1.4153,1.3989,1.3354,14591596
2021-02-19 06:00:00,1.3226,1.3964,1.3354,1.3746,6841285
2021-02-19 12:00:00,1.3363,1.4297,1.3746,1.3634,13349010
2021-02-19 18:00:00,1.34,1.388,1.364,1.3721,9809694
2021-02-20 00:00:00,1.3226,1.38,1.3721,1.3712,15367668
2021-02-20 06:00:00,1.3375,1.429,1.3716,1.4212,8399686
2021-02-20 12:00:00,1.3559,1.4958,1.4216,1.399,24080851
2021-02-20 18:00:00,1.2398,1.4335,1.3988,1.3128,20748467
2021-02-21 00:00:00,1.2762,1.3565,1.3128,1.3385,10759264
2021-02-21 06:00:00,1.3,1.3479,1.338,1.3385,3813503
2021-02-21 12:00:00,1.3094,1.3526,1.3381,1.3171,6449130
2021-02-21 18:00:00,1.2637,1.3331,1.3172,1.3087,12833764
2021-02-22 00:00:00,1.2164,1.3201,1.308,1.2472,15612698
2021-02-22 06:00:00,1.1459,1.2783,1.2468,1.161,13149442
2021-02-22 12:00:00,0.9294,1.1841,1.16,1.0841,59887987
2021-02-22 18:00:00,1.0397,1.1919,1.0844,1.144,25122539
2021-02-23 00:00:00,0.9568,1.1513,1.144,1.0323,32365428
2021-02-23 06:00:00,0.8365,1.0552,1.032,0.9056,49056354
2021-02-23 12:00:00,0.881,1.0868,0.9052,0.9872,42056194
2021-02-23 18:00:00,0.8989,1.0161,0.9873,1.0059,27344985
2021-02-24 00:00:00,0.954,1.1888,1.0058,1.099,38483485
2021-02-24 06:00:00,1.0666,1.1565,1.0984,1.1034,13126451
2021-02-24 12:00:00,1.0141,1.1395,1.1039,1.1147,20031966
2021-02-24 18:00:00,1.0,1.115,1.1147,1.0615,15725833
2021-02-25 00:00:00,1.02,1.0999,1.0614,1.0635,15741180
2021-02-25 06:00:00,1.0106,1.0977,1.0638,1.0769,8733074
2021-02-25 12:00:00,1.0587,1.15,1.0778,1.0823,15764903
2021-02-25 18:00:00,0.9703,1.1067,1.0823,0.9815,19487565
2021-02-26 00:00:00,0.917,1.0067,0.9815,0.9178,23025204
2021-02-26 06:00:00,0.9,1.007,0.9185,0.9801,14434841
2021-02-26 12:00:00,0.97,1.0538,0.9805,1.0213,13503010
2021-02-26 18:00:00,0.93,1.0468,1.0221,0.9728,13747621
2021-02-27 00:00:00,0.9728,1.0295,0.9733,1.0196,10868063
2021-02-27 06:00:00,0.9754,1.04,1.0191,1.0303,5718237
2021-02-27 12:00:00,1.0083,1.114,1.0301,1.0917,17670666
2021-02-27 18:00:00,1.0429,1.195,1.0918,1.1001,31399576
2021-02-28 00:00:00,1.0071,1.1341,1.1006,1.0452,22357209
2021-02-28 06:00:00,1.0026,1.0882,1.0443,1.0428,12121978
2021-02-28 12:00:00,0.9467,1.0565,1.0431,0.9611,16327800
2021-02-28 18:00:00,0.96,1.0546,0.961,1.0237,14347116
2021-03-01 00:00:00,1.0102,1.0695,1.0242,1.0257,14428731
2021-03-01 00:00:00,1.0102,1.0695,1.0242,1.0257,14428731
2021-03-01 06:00:00,1.0066,1.0905,1.0262,1.0875,8032943
2021-03-01 12:00:00,1.0544,1.1121,1.0875,1.0571,12449290
2021-03-01 18:00:00,1.0416,1.0946,1.0572,1.0901,11222409
2021-03-02 00:00:00,1.0654,1.1134,1.0902,1.0757,16347231
2021-03-02 06:00:00,1.0402,1.1333,1.0758,1.13,9711327
2021-03-02 12:00:00,1.0643,1.1665,1.1291,1.0922,19131606
2021-03-02 18:00:00,1.0385,1.0925,1.0914,1.0839,11986545
2021-03-03 00:00:00,1.0577,1.1119,1.0838,1.101,8738419
2021-03-03 06:00:00,1.0997,1.1737,1.1009,1.1434,13395889
2021-03-03 12:00:00,1.0935,1.19,1.1434,1.1858,14709329
2021-03-03 18:00:00,1.151,1.2327,1.1854,1.1786,19410674
2021-03-04 00:00:00,1.1418,1.25,1.1792,1.1837,22353135
2021-03-04 06:00:00,1.1132,1.1977,1.1828,1.1311,7054997
2021-03-04 12:00:00,1.1,1.1653,1.1311,1.1086,10955847
2021-03-04 18:00:00,1.05,1.111,1.1085,1.09,15456864
2021-03-05 00:00:00,1.005,1.0912,1.09,1.047,21521539
2021-03-05 06:00:00,1.0055,1.06,1.0463,1.0382,5872452
2021-03-05 12:00:00,1.0127,1.084,1.0381,1.0561,10527366
2021-03-05 18:00:00,1.0451,1.0974,1.0554,1.0535,8898931
2021-03-06 00:00:00,1.0302,1.0719,1.0543,1.0527,5795848
2021-03-06 06:00:00,1.034,1.067,1.0533,1.0431,2852859
2021-03-06 12:00:00,1.0015,1.0599,1.0438,1.0513,7409559
2021-03-06 18:00:00,1.0345,1.065,1.0508,1.0512,6425943
2021-03-07 00:00:00,1.0509,1.09,1.0515,1.0869,7161893
2021-03-07 06:00:00,1.0698,1.1136,1.087,1.1038,4741438
2021-03-07 12:00:00,1.0852,1.1391,1.1033,1.1099,8207635
2021-03-07 18:00:00,1.0524,1.1111,1.1098,1.1075,8414252
2021-03-08 00:00:00,1.0755,1.125,1.1067,1.1228,7970820
2021-03-08 06:00:00,1.0622,1.125,1.1229,1.0919,4984601
2021-03-08 12:00:00,1.07,1.107,1.0924,1.0864,5495225
2021-03-08 18:00:00,1.0842,1.1678,1.087,1.1565,20757979
2021-03-09 00:00:00,1.133,1.18,1.156,1.1721,12910003
2021-03-09 06:00:00,1.147,1.185,1.172,1.1516,8486090
2021-03-09 12:00:00,1.1168,1.1699,1.1518,1.1356,11396659
2021-03-09 18:00:00,1.1291,1.1842,1.1353,1.1802,10617064
2021-03-10 00:00:00,1.12,1.2324,1.181,1.145,19049762
2021-03-10 06:00:00,1.13,1.1759,1.1439,1.1393,5536798
2021-03-10 12:00:00,1.1394,1.1645,1.1401,1.1568,8088313
2021-03-10 18:00:00,1.0786,1.166,1.1568,1.1097,16513299
2021-03-11 00:00:00,1.0836,1.1194,1.109,1.0913,13796632
2021-03-11 06:00:00,1.051,1.1043,1.0913,1.0993,5847310
2021-03-11 12:00:00,1.082,1.12,1.0984,1.1038,5975159
2021-03-11 18:00:00,1.0754,1.125,1.1038,1.0849,9520209
2021-03-12 00:00:00,1.0515,1.0947,1.0853,1.079,15032223
2021-03-12 06:00:00,1.0669,1.155,1.079,1.1438,7455289
2021-03-12 12:00:00,1.0514,1.1514,1.1438,1.069,15008342
2021-03-12 18:00:00,1.0312,1.0816,1.0694,1.0501,10041880
2021-03-13 00:00:00,1.0138,1.0562,1.0497,1.0507,7996611
2021-03-13 06:00:00,1.0441,1.106,1.0517,1.1029,6419131
2021-03-13 12:00:00,1.0975,1.1717,1.1039,1.159,14672885
2021-03-13 18:00:00,1.1166,1.17,1.159,1.1379,13922835
2021-03-14 00:00:00,1.093,1.15,1.1392,1.1054,7555974
2021-03-14 06:00:00,1.0874,1.1421,1.105,1.1356,3710822
2021-03-14 12:00:00,1.1201,1.165,1.135,1.1346,10817022
2021-03-14 18:00:00,1.1187,1.1705,1.1347,1.1187,9818446
2021-03-15 00:00:00,1.1118,1.2799,1.1186,1.2107,28178746
2021-03-15 06:00:00,1.135,1.34,1.2106,1.3106,31162856
2021-03-15 12:00:00,1.2264,1.349,1.3122,1.2548,28159369
2021-03-15 18:00:00,1.1872,1.2905,1.2554,1.1965,11918224
2021-03-16 00:00:00,1.1201,1.225,1.1938,1.158,16057232
2021-03-16 06:00:00,1.1373,1.2029,1.1588,1.1731,7989933
2021-03-16 12:00:00,1.1655,1.2514,1.1731,1.1923,17921293
2021-03-16 18:00:00,1.1642,1.2252,1.1909,1.2022,11085461
2021-03-17 00:00:00,1.155,1.2103,1.2022,1.1925,7232131
2021-03-17 06:00:00,1.1618,1.2245,1.1929,1.1767,5948301
2021-03-17 12:00:00,1.1623,1.2151,1.1751,1.2078,6394708
2021-03-17 18:00:00,1.2078,1.2987,1.2078,1.2895,14365369
2021-03-18 00:00:00,1.2669,1.3516,1.2899,1.3135,19177168
2021-03-18 06:00:00,1.3042,1.383,1.3127,1.3086,9889306
2021-03-18 12:00:00,1.2651,1.3223,1.3073,1.2691,11623436
2021-03-18 18:00:00,1.2385,1.2795,1.2693,1.2568,8319067
2021-03-19 00:00:00,1.2117,1.2833,1.2579,1.2831,7102720
2021-03-19 06:00:00,1.2719,1.2987,1.2833,1.2897,2705825
2021-03-19 12:00:00,1.2714,1.3114,1.2903,1.2779,6065282
2021-03-19 18:00:00,1.245,1.2864,1.2777,1.2489,7144456
2021-03-20 00:00:00,1.2426,1.2875,1.2488,1.2696,4279706
2021-03-20 06:00:00,1.2677,1.31,1.2703,1.2978,4056273
2021-03-20 12:00:00,1.2736,1.3142,1.298,1.2768,5437613
2021-03-20 18:00:00,1.202,1.2856,1.2765,1.2096,9828707
2021-03-21 00:00:00,1.1726,1.2365,1.2104,1.1881,8498592
2021-03-21 06:00:00,1.1612,1.2197,1.1881,1.1778,4133819
2021-03-21 12:00:00,1.1526,1.2362,1.1782,1.2234,5614744
2021-03-21 18:00:00,1.1791,1.227,1.2238,1.1801,3063974
2021-03-22 00:00:00,1.1533,1.2096,1.1806,1.2053,5371766
2021-03-22 06:00:00,1.1852,1.2284,1.2056,1.2169,3221616
2021-03-22 12:00:00,1.1678,1.2191,1.217,1.1857,4963298
2021-03-22 18:00:00,1.0778,1.1891,1.1863,1.1043,13591197
2021-03-23 00:00:00,1.0758,1.139,1.1041,1.092,8127393
2021-03-23 06:00:00,1.0629,1.1253,1.0934,1.1003,4406383
2021-03-23 12:00:00,1.1019,1.1587,1.102,1.1471,6607549
2021-03-23 18:00:00,1.1,1.1587,1.1465,1.1115,5232392
2021-03-24 00:00:00,1.0826,1.1234,1.1117,1.108,4916696
2021-03-24 06:00:00,1.0929,1.1697,1.1071,1.1539,3661088
2021-03-24 12:00:00,1.1301,1.185,1.1538,1.1334,5410866
2021-03-24 18:00:00,0.9889,1.1399,1.1331,1.0272,16567820
2021-03-25 00:00:00,0.9772,1.0407,1.0271,1.0369,14294312
2021-03-25 06:00:00,1.0122,1.0689,1.0368,1.0462,3873410
2021-03-25 12:00:00,0.9987,1.0566,1.0468,1.0384,13251825
2021-03-25 18:00:00,1.0342,1.0784,1.0389,1.043,6609985
2021-03-26 00:00:00,1.0372,1.0806,1.0429,1.0711,5543259
2021-03-26 06:00:00,1.06,1.0993,1.0713,1.0897,3068367
2021-03-26 12:00:00,1.0769,1.125,1.0895,1.1207,5686617
2021-03-26 18:00:00,1.095,1.1252,1.1201,1.1183,4374132
2021-03-27 00:00:00,1.0908,1.1348,1.1185,1.115,5609360
2021-03-27 06:00:00,1.0923,1.1722,1.1155,1.1573,5065700
2021-03-27 12:00:00,1.1303,1.2188,1.157,1.1927,16207135
2021-03-27 18:00:00,1.1551,1.1956,1.1925,1.1585,7905583
2021-03-28 00:00:00,1.1457,1.2312,1.1589,1.2265,7595352
2021-03-28 06:00:00,1.1881,1.2288,1.2262,1.194,6333635
2021-03-28 12:00:00,1.17,1.27,1.1936,1.2594,13811071
2021-03-28 18:00:00,1.1984,1.263,1.2596,1.2346,10294790
2021-03-29 00:00:00,1.2166,1.2505,1.2343,1.2231,5374909
2021-03-29 06:00:00,1.2224,1.2879,1.2224,1.2612,4900401
2021-03-29 12:00:00,1.2218,1.3,1.2612,1.2946,11153476
2021-03-29 18:00:00,1.2929,1.45,1.2944,1.4016,45397984
2021-03-30 00:00:00,1.3434,1.4299,1.4006,1.3827,19582433
2021-03-30 06:00:00,1.3501,1.4039,1.3824,1.371,5621180
2021-03-30 12:00:00,1.306,1.3709,1.3709,1.3071,8029332
2021-03-30 18:00:00,1.3017,1.3531,1.3075,1.3253,6787102
2021-03-31 00:00:00,1.2719,1.3464,1.3246,1.3131,5621265
2021-03-31 06:00:00,1.2442,1.3437,1.3124,1.2777,5874980
2021-03-31 12:00:00,1.2607,1.3165,1.2776,1.2854,5460788
2021-03-31 18:00:00,1.2784,1.373,1.2844,1.3667,10830739
2021-04-01 00:00:00,1.3406,1.398,1.3657,1.3408,7019721
2021-04-01 06:00:00,1.3277,1.399,1.3414,1.3402,4862290
2021-04-01 12:00:00,1.3056,1.3546,1.3403,1.3181,6224991
2021-04-01 18:00:00,1.29,1.3408,1.3188,1.3213,5328448
2021-04-02 00:00:00,1.3,1.3373,1.3213,1.3231,5524818
2021-04-02 06:00:00,1.31,1.3598,1.3233,1.3581,2990825
2021-04-02 12:00:00,1.3157,1.3688,1.3577,1.3466,5587157
2021-04-02 18:00:00,1.32,1.3599,1.3458,1.3593,6336400
2021-04-03 00:00:00,1.3501,1.389,1.3593,1.3788,5524020
2021-04-03 06:00:00,1.3648,1.4396,1.3788,1.4121,7308553
2021-04-03 12:00:00,1.3246,1.4698,1.4121,1.3254,12646710
2021-04-03 18:00:00,1.2618,1.3575,1.3253,1.2642,10178483
2021-04-04 00:00:00,1.235,1.3136,1.2637,1.2984,5343312
2021-04-04 06:00:00,1.283,1.3357,1.2978,1.3068,3030147
2021-04-04 12:00:00,1.2909,1.3491,1.3069,1.3428,4097362
2021-04-04 18:00:00,1.2946,1.3491,1.3426,1.3096,5783618
2021-04-05 00:00:00,1.2803,1.327,1.3101,1.2813,4772530
2021-04-05 06:00:00,1.2726,1.37,1.2805,1.3552,4057342
2021-04-05 12:00:00,1.3447,1.3922,1.355,1.3794,7177743
2021-04-05 18:00:00,1.3541,1.431,1.3794,1.4012,9712184
2021-04-06 00:00:00,1.3691,1.4296,1.401,1.4115,5445341
2021-04-06 06:00:00,1.3928,1.4471,1.4116,1.4389,6603506
2021-04-06 12:00:00,1.35,1.4879,1.439,1.4208,13476109
2021-04-06 18:00:00,1.3632,1.4218,1.4208,1.3996,5514039
2021-04-07 00:00:00,1.3648,1.4715,1.4,1.4595,9471504
2021-04-07 06:00:00,1.251,1.4807,1.4594,1.3082,12655924
2021-04-07 12:00:00,1.27,1.3547,1.3081,1.2882,11012195
2021-04-07 18:00:00,1.2733,1.3371,1.2882,1.303,5997052
2021-04-08 00:00:00,1.2931,1.358,1.303,1.3421,4373590
2021-04-08 06:00:00,1.3091,1.3744,1.3416,1.3165,3965673
2021-04-08 12:00:00,1.3122,1.3871,1.3156,1.3577,5123124
2021-04-08 18:00:00,1.325,1.3633,1.3577,1.3511,3624038
2021-04-09 00:00:00,1.3216,1.3607,1.3515,1.3263,4351281
2021-04-09 06:00:00,1.32,1.376,1.3262,1.3696,3286862
2021-04-09 12:00:00,1.358,1.4269,1.3688,1.4134,9988444
2021-04-09 18:00:00,1.366,1.4259,1.4121,1.3933,5677694
2021-04-10 00:00:00,1.3785,1.45,1.3933,1.4408,9861522
2021-04-10 06:00:00,1.424,1.4731,1.4403,1.4314,5255428
2021-04-10 12:00:00,1.3766,1.4478,1.431,1.3841,5180003
2021-04-10 18:00:00,1.3555,1.3976,1.3843,1.3903,3966547
2021-04-11 00:00:00,1.3675,1.4143,1.3904,1.3733,3618283
2021-04-11 06:00:00,1.361,1.43,1.3731,1.4224,3305142
2021-04-11 12:00:00,1.4095,1.448,1.4223,1.4382,4959230
2021-04-11 18:00:00,1.4302,1.5442,1.4382,1.5199,17480024
2021-04-12 00:00:00,1.5049,1.5965,1.5205,1.515,11958910
2021-04-12 06:00:00,1.453,1.5424,1.5151,1.5175,5074263
2021-04-12 12:00:00,1.433,1.5269,1.5168,1.4787,7589148
2021-04-12 18:00:00,1.4483,1.5131,1.4781,1.4832,4636056
2021-04-13 00:00:00,1.4778,1.5298,1.4827,1.4948,4342300
2021-04-13 06:00:00,1.4195,1.52,1.4949,1.4669,6722996
2021-04-13 12:00:00,1.4419,1.5539,1.467,1.5246,10263276
2021-04-13 18:00:00,1.4912,1.5413,1.5245,1.5157,5850708
2021-04-14 00:00:00,1.4772,1.5299,1.516,1.4803,7038890
2021-04-14 06:00:00,1.45,1.5173,1.4803,1.4963,5803175
2021-04-14 12:00:00,1.3833,1.4985,1.4963,1.402,11744870
2021-04-14 18:00:00,1.3843,1.4698,1.4019,1.4647,5986508
2021-04-15 00:00:00,1.4477,1.4915,1.4648,1.4656,5049477
2021-04-15 06:00:00,1.4607,1.5124,1.4656,1.4793,4621087
2021-04-15 12:00:00,1.4793,1.56,1.48,1.5278,9445110
2021-04-15 18:00:00,1.5219,1.627,1.5278,1.5714,12888707
2021-04-16 00:00:00,1.5157,1.5996,1.572,1.5265,7389308
2021-04-16 06:00:00,1.41,1.54,1.526,1.4635,9756169
2021-04-16 12:00:00,1.4118,1.53,1.4631,1.52,8890930
2021-04-16 18:00:00,1.4863,1.5366,1.5201,1.5068,5221212
2021-04-17 00:00:00,1.5068,1.6,1.5068,1.5693,7224354
2021-04-17 06:00:00,1.5215,1.6212,1.5693,1.541,4710326
2021-04-17 12:00:00,1.5255,1.78,1.5387,1.6867,29192380
2021-04-17 18:00:00,1.6733,1.7999,1.6869,1.703,15548087
2021-04-18 00:00:00,1.25,1.7223,1.7035,1.4228,37212327
2021-04-18 06:00:00,1.2826,1.4981,1.4227,1.289,16232897
2021-04-18 12:00:00,1.2841,1.4973,1.2893,1.4477,13314831
2021-04-18 18:00:00,1.4381,1.4868,1.4473,1.4608,6894553
2021-04-19 00:00:00,1.43,1.5143,1.4597,1.4734,5541944
2021-04-19 06:00:00,1.4006,1.51,1.4734,1.468,3430673
2021-04-19 12:00:00,1.2964,1.491,1.4675,1.3562,14607777
2021-04-19 18:00:00,1.28,1.3831,1.3567,1.2936,12047262
2021-04-20 00:00:00,1.1525,1.3028,1.2941,1.238,20662726
2021-04-20 06:00:00,1.178,1.3398,1.2377,1.3396,8106811
2021-04-20 12:00:00,1.2749,1.3516,1.339,1.3239,9276275
2021-04-20 18:00:00,1.2745,1.3469,1.3239,1.2912,7972103
2021-04-21 00:00:00,1.2472,1.3105,1.2915,1.2719,9823577
2021-04-21 06:00:00,1.1947,1.2937,1.2696,1.2016,9712727
2021-04-21 12:00:00,1.1913,1.3376,1.2014,1.3371,13247012
2021-04-21 18:00:00,1.201,1.3447,1.3376,1.2115,11261465
2021-04-22 00:00:00,1.1909,1.3048,1.2114,1.2886,12220789
2021-04-22 06:00:00,1.22,1.3068,1.2897,1.2909,5608210
2021-04-22 12:00:00,1.25,1.3256,1.2903,1.25,8980315
2021-04-22 18:00:00,1.14,1.2676,1.2501,1.1627,17692570
2021-04-23 00:00:00,0.95,1.1952,1.1615,1.0631,38766402
2021-04-23 06:00:00,1.0018,1.1469,1.0624,1.1198,13523863
2021-04-23 12:00:00,1.053,1.133,1.1199,1.1199,11556169
2021-04-23 18:00:00,1.1154,1.191,1.1202,1.1697,7595417
2021-04-24 00:00:00,1.1024,1.1721,1.17,1.1691,6646187
2021-04-24 06:00:00,1.0774,1.173,1.1691,1.0898,5336337
2021-04-24 12:00:00,1.0816,1.1304,1.089,1.1201,4565534
2021-04-24 18:00:00,1.0838,1.1313,1.1198,1.0901,4948300
2021-04-25 00:00:00,1.0782,1.1235,1.0901,1.1129,4226767
2021-04-25 06:00:00,1.101,1.1734,1.1124,1.1571,3796397
2021-04-25 12:00:00,1.155,1.1945,1.1573,1.162,5946392
2021-04-25 18:00:00,1.05,1.1644,1.162,1.0958,9628106
2021-04-26 00:00:00,1.0842,1.19,1.096,1.1886,7830457
2021-04-26 06:00:00,1.1683,1.2499,1.1899,1.2336,5643598
2021-04-26 12:00:00,1.1801,1.2464,1.2339,1.2389,7846493
2021-04-26 18:00:00,1.1848,1.2467,1.2388,1.2367,8183427
2021-04-27 00:00:00,1.2235,1.29,1.2368,1.2759,5510481
2021-04-27 06:00:00,1.254,1.2892,1.2758,1.2822,2931776
2021-04-27 12:00:00,1.2337,1.2853,1.2822,1.2706,9021325
2021-04-27 18:00:00,1.2541,1.3334,1.2702,1.3107,10196389
2021-04-28 00:00:00,1.2575,1.3399,1.3103,1.2687,8555966
2021-04-28 06:00:00,1.2125,1.2735,1.2691,1.2641,5778857
2021-04-28 12:00:00,1.243,1.2833,1.2641,1.2729,5632058
2021-04-28 18:00:00,1.254,1.3004,1.2734,1.2901,6703319
2021-04-29 00:00:00,1.246,1.2947,1.2905,1.2719,5306480
2021-04-29 06:00:00,1.2674,1.3819,1.2718,1.368,7540109
2021-04-29 12:00:00,1.2722,1.3841,1.3675,1.2722,11292192
2021-04-29 18:00:00,1.2453,1.327,1.2722,1.3234,7698952
2021-04-30 00:00:00,1.2951,1.38,1.3231,1.3711,8044561
2021-04-30 06:00:00,1.3642,1.4311,1.3706,1.4067,6921533
2021-04-30 12:00:00,1.3998,1.448,1.4062,1.4091,8029210
2021-04-30 18:00:00,1.3712,1.4134,1.4094,1.4046,5615151
2021-05-01 00:00:00,1.3735,1.421,1.405,1.3924,4436339
2021-05-01 00:00:00,1.3735,1.421,1.405,1.3924,4436339
2021-05-01 06:00:00,1.35,1.3994,1.3924,1.3934,3817447
2021-05-01 12:00:00,1.3675,1.4101,1.3928,1.3896,4001398
2021-05-01 18:00:00,1.3772,1.4073,1.3899,1.3956,4033299
2021-05-02 00:00:00,1.324,1.4014,1.3959,1.3467,6944155
2021-05-02 06:00:00,1.3304,1.3715,1.3464,1.3704,2366666
2021-05-02 12:00:00,1.3604,1.4044,1.3701,1.3918,4777816
2021-05-02 18:00:00,1.3675,1.4125,1.3931,1.3898,3313193
2021-05-03 00:00:00,1.3891,1.4327,1.3891,1.4276,4077094
2021-05-03 06:00:00,1.4163,1.4677,1.4281,1.4568,3708776
2021-05-03 12:00:00,1.4225,1.4737,1.4568,1.4679,6471216
2021-05-03 18:00:00,1.42,1.475,1.468,1.4362,6457761
2021-05-04 00:00:00,1.34,1.4412,1.4369,1.3917,10036860
2021-05-04 06:00:00,1.3721,1.4452,1.3923,1.429,3506314
2021-05-04 12:00:00,1.2856,1.4312,1.43,1.3304,15290818
2021-05-04 18:00:00,1.273,1.3633,1.3307,1.2746,7856112
2021-05-05 00:00:00,1.2564,1.3539,1.2742,1.3439,9616513
2021-05-05 06:00:00,1.3191,1.3906,1.3439,1.3787,4449278
2021-05-05 12:00:00,1.378,1.45,1.3784,1.4205,10726120
2021-05-05 18:00:00,1.3994,1.4539,1.4206,1.4436,8910019
2021-05-06 00:00:00,1.4149,1.4991,1.4434,1.491,11887990
2021-05-06 06:00:00,1.426,1.5542,1.4902,1.5451,8063702
2021-05-06 12:00:00,1.5011,1.5795,1.5452,1.5337,13099001
2021-05-06 18:00:00,1.4464,1.5664,1.5346,1.5453,13329487
2021-05-07 00:00:00,1.4728,1.595,1.5445,1.5209,9973553
2021-05-07 06:00:00,1.511,1.6948,1.5195,1.6463,11588837
2021-05-07 12:00:00,1.6017,1.6949,1.6464,1.6207,12580281
2021-05-07 18:00:00,1.5125,1.6207,1.6198,1.5794,10667672
2021-05-08 00:00:00,1.5483,1.6254,1.5796,1.6059,5211019
2021-05-08 06:00:00,1.5438,1.6124,1.6063,1.554,4574683
2021-05-08 12:00:00,1.495,1.561,1.5539,1.5344,7767729
2021-05-08 18:00:00,1.5153,1.5878,1.5339,1.5207,7807763
2021-05-09 00:00:00,1.4306,1.5302,1.5207,1.4917,10966518
2021-05-09 06:00:00,1.4667,1.5117,1.4916,1.4855,4793555
2021-05-09 12:00:00,1.4522,1.5316,1.4855,1.5095,7627525
2021-05-09 18:00:00,1.4728,1.52,1.5098,1.5172,5904676
2021-05-10 00:00:00,1.4985,1.5536,1.5163,1.542,6762601
2021-05-10 06:00:00,1.4556,1.559,1.5425,1.4793,6951067
2021-05-10 12:00:00,1.4384,1.4954,1.4787,1.4462,9532505
2021-05-10 18:00:00,1.3157,1.4623,1.4457,1.3719,16172262
2021-05-11 00:00:00,1.325,1.3955,1.3719,1.3804,11397513
2021-05-11 06:00:00,1.3765,1.4255,1.3797,1.3906,4621088
2021-05-11 12:00:00,1.362,1.4677,1.3906,1.4633,8487952
2021-05-11 18:00:00,1.4357,1.479,1.4634,1.4749,6377923
2021-05-12 00:00:00,1.46,1.5022,1.4757,1.4755,7847002
2021-05-12 06:00:00,1.3988,1.477,1.4754,1.4259,5569016
2021-05-12 12:00:00,1.3657,1.4546,1.4263,1.3939,11287482
2021-05-12 18:00:00,1.2444,1.4192,1.3934,1.2762,17581381
2021-05-13 00:00:00,1.204,1.3778,1.2733,1.369,14981056
2021-05-13 06:00:00,1.283,1.3905,1.3691,1.331,8828318
2021-05-13 12:00:00,1.32,1.4528,1.331,1.3535,16930743
2021-05-13 18:00:00,1.2901,1.3685,1.3535,1.3527,14999992
2021-05-14 00:00:00,1.3256,1.3795,1.3531,1.3598,10350155
2021-05-14 06:00:00,1.3397,1.439,1.3596,1.439,6067198
2021-05-14 12:00:00,1.3845,1.4832,1.4081,1.4561,10672894
2021-05-14 18:00:00,1.4146,1.4908,1.4554,1.4779,8194033
2021-05-15 00:00:00,1.4279,1.4945,1.4785,1.4456,9763200
2021-05-15 06:00:00,1.3756,1.4463,1.4463,1.4131,6465156
2021-05-15 12:00:00,1.4015,1.54,1.4139,1.4158,17395603
2021-05-15 18:00:00,1.3755,1.4653,1.4144,1.3891,12163601
2021-05-16 00:00:00,1.3757,1.5257,1.3885,1.5086,11489112
2021-05-16 06:00:00,1.4771,1.5395,1.5092,1.4778,6412019
2021-05-16 12:00:00,1.4,1.51,1.4788,1.444,9910806
2021-05-16 18:00:00,1.324,1.4458,1.4437,1.3979,14332066
2021-05-17 00:00:00,1.2584,1.4131,1.3978,1.3275,14385930
2021-05-17 06:00:00,1.32,1.3931,1.3287,1.3913,6450163
2021-05-17 12:00:00,1.2549,1.3945,1.391,1.2779,13083122
2021-05-17 18:00:00,1.2625,1.3523,1.2783,1.2861,8443668
2021-05-18 00:00:00,1.2612,1.3599,1.2861,1.3493,8876085
2021-05-18 06:00:00,1.3367,1.3909,1.3497,1.3829,6378779
2021-05-18 12:00:00,1.292,1.394,1.383,1.361,11765738
2021-05-18 18:00:00,1.3195,1.3864,1.3606,1.3658,9015503
2021-05-19 00:00:00,1.15,1.3905,1.3658,1.1887,19269919
2021-05-19 06:00:00,1.0232,1.2145,1.1883,1.0835,19029940
2021-05-19 12:00:00,0.83,1.1384,1.0836,1.0575,47691167
2021-05-19 18:00:00,0.9451,1.066,1.0572,0.9494,19407532
2021-05-20 00:00:00,0.86,1.0035,0.9483,1.0008,24058511
2021-05-20 06:00:00,0.9746,1.05,1.0005,1.0436,10570857
2021-05-20 12:00:00,1.0076,1.1231,1.0441,1.1026,23518112
2021-05-20 18:00:00,1.0618,1.1199,1.1026,1.1108,10369006
2021-05-21 00:00:00,1.0758,1.149,1.1118,1.0899,10437223
2021-05-21 06:00:00,1.0586,1.1134,1.09,1.078,7241457
2021-05-21 12:00:00,0.94,1.1099,1.0782,0.9875,25191298
2021-05-21 18:00:00,0.85,0.9918,0.9875,0.9771,21110427
2021-05-22 00:00:00,0.8568,0.9841,0.977,0.8998,12756912
2021-05-22 06:00:00,0.867,0.9675,0.899,0.9592,7818774
2021-05-22 12:00:00,0.9445,1.0184,0.9592,0.9743,15019274
2021-05-22 18:00:00,0.9519,1.0102,0.9744,0.9739,10238227
2021-05-23 00:00:00,0.958,1.0427,0.9742,0.9967,10741348
2021-05-23 06:00:00,0.8336,1.0054,0.9963,0.8574,16867591
2021-05-23 12:00:00,0.6771,0.8608,0.8568,0.7551,34609488
2021-05-23 18:00:00,0.7205,0.8476,0.7555,0.8188,17536073
2021-05-24 00:00:00,0.8029,0.87,0.8191,0.8589,13306871
2021-05-24 06:00:00,0.8449,0.9681,0.8589,0.958,11311088
2021-05-24 12:00:00,0.9268,0.9894,0.9574,0.9707,17245475
2021-05-24 18:00:00,0.9438,1.0093,0.971,0.9819,14648699
2021-05-25 00:00:00,0.9124,1.0186,0.9819,0.9473,18520739
2021-05-25 06:00:00,0.8686,0.9821,0.9466,0.8711,11225740
2021-05-25 12:00:00,0.869,0.99,0.8716,0.982,16743605
2021-05-25 18:00:00,0.9336,0.9892,0.9824,0.9766,8909659
2021-05-26 00:00:00,0.9538,1.0157,0.9768,0.9986,11942752
2021-05-26 06:00:00,0.9955,1.0499,0.9993,1.0419,8283122
2021-05-26 12:00:00,0.9727,1.0607,1.042,1.0063,16712934
2021-05-26 18:00:00,0.9865,1.0315,1.0062,1.0248,8711939
2021-05-27 00:00:00,0.9374,1.0254,1.0248,0.9855,14401473
2021-05-27 06:00:00,0.9673,1.0141,0.9847,1.0122,5214094
2021-05-27 12:00:00,0.9881,1.0339,1.0118,1.0019,9285259
2021-05-27 18:00:00,0.9622,1.0044,1.0018,0.976,8205092
2021-05-28 00:00:00,0.9082,0.9873,0.9764,0.9179,11174826
2021-05-28 06:00:00,0.847,0.9222,0.9178,0.8593,15181885
2021-05-28 12:00:00,0.8524,0.9294,0.8584,0.9073,13694139
2021-05-28 18:00:00,0.8508,0.923,0.907,0.9,11196171
2021-05-29 00:00:00,0.8808,0.9308,0.9011,0.9068,5632261
2021-05-29 06:00:00,0.8492,0.9118,0.9066,0.8781,5899276
2021-05-29 12:00:00,0.8006,0.8782,0.8775,0.809,14309572
2021-05-29 18:00:00,0.7894,0.8418,0.8083,0.8328,10620614
2021-05-30 00:00:00,0.7771,0.8536,0.8329,0.8534,9979704
2021-05-30 06:00:00,0.8504,0.8925,0.8536,0.8914,5082586
2021-05-30 12:00:00,0.8433,0.8945,0.8914,0.8785,6181618
2021-05-30 18:00:00,0.8417,0.8869,0.8786,0.8493,5082381
2021-05-31 00:00:00,0.8151,0.864,0.8497,0.83,5678715
2021-05-31 06:00:00,0.8294,0.904,0.8294,0.8924,4267724
2021-05-31 12:00:00,0.878,0.9199,0.8925,0.8997,6968977
2021-05-31 18:00:00,0.8938,0.9413,0.8996,0.9359,5960631
2021-06-01 00:00:00,0.9028,0.9514,0.9357,0.9296,5688731
2021-06-01 06:00:00,0.8907,0.9313,0.9294,0.9164,2894566
2021-06-01 12:00:00,0.8732,0.9263,0.9162,0.9001,6028098
2021-06-01 18:00:00,0.8761,0.9069,0.9,0.8952,3609436
2021-06-02 00:00:00,0.873,0.9135,0.8952,0.9134,3272406
2021-06-02 06:00:00,0.9019,0.9247,0.913,0.9129,1814535
2021-06-02 12:00:00,0.9117,0.9739,0.9117,0.9637,6584336
2021-06-02 18:00:00,0.9547,1.0785,0.964,1.0196,24627004
2021-06-03 00:00:00,1.0044,1.055,1.02,1.0469,9191594
2021-06-03 06:00:00,1.0352,1.0946,1.0469,1.0522,6245718
2021-06-03 12:00:00,1.0352,1.1548,1.052,1.1337,14779225
2021-06-03 18:00:00,1.1063,1.1533,1.1337,1.1112,7480637
2021-06-04 00:00:00,1.0151,1.1325,1.112,1.016,10575893
2021-06-04 06:00:00,0.9882,1.0296,1.0158,1.0025,5861558
2021-06-04 12:00:00,0.9727,1.0623,1.0022,1.0487,10364242
2021-06-04 18:00:00,1.0052,1.0538,1.0482,1.0285,4850355
2021-06-05 00:00:00,1.017,1.0658,1.0286,1.0498,4831761
2021-06-05 06:00:00,1.0044,1.0935,1.0499,1.0136,4389694
2021-06-05 12:00:00,0.9887,1.0264,1.0135,0.995,7342773
2021-06-05 18:00:00,0.9513,1.0145,0.995,0.977,7373973
2021-06-06 00:00:00,0.9655,0.9969,0.9766,0.9947,3233992
2021-06-06 06:00:00,0.9751,1.0209,0.9947,0.9932,2090909
2021-06-06 12:00:00,0.9793,1.0158,0.9933,1.0089,3305269
2021-06-06 18:00:00,0.9962,1.0253,1.0091,1.025,3591646
2021-06-07 00:00:00,1.0199,1.0537,1.025,1.0498,3992314
2021-06-07 06:00:00,1.041,1.0872,1.0496,1.0698,3032816
2021-06-07 12:00:00,1.026,1.0893,1.0698,1.0316,4426802
2021-06-07 18:00:00,0.9479,1.0346,1.0317,0.9648,9132905
2021-06-08 00:00:00,0.8934,0.9772,0.964,0.9333,11040970
2021-06-08 06:00:00,0.8978,0.9531,0.933,0.94,5270334
2021-06-08 12:00:00,0.8562,0.9426,0.9403,0.9138,13147726
2021-06-08 18:00:00,0.91,0.9654,0.9141,0.9416,7977330
2021-06-09 00:00:00,0.9085,0.9729,0.9413,0.9717,8675691
2021-06-09 06:00:00,0.9669,1.15,0.9718,1.0851,20349698
2021-06-09 12:00:00,1.027,1.1038,1.0856,1.0703,19687898
2021-06-09 18:00:00,1.0196,1.083,1.0701,1.0408,9399022
2021-06-10 00:00:00,0.9959,1.047,1.0419,1.0051,7436079
2021-06-10 06:00:00,0.9755,1.0325,1.0044,1.011,5245029
2021-06-10 12:00:00,0.9813,1.0215,1.0109,0.9962,8131446
2021-06-10 18:00:00,0.9811,1.0515,0.9958,1.0501,7644787
2021-06-11 00:00:00,0.9964,1.0811,1.05,1.0479,11111331
2021-06-11 06:00:00,1.0132,1.051,1.0481,1.0299,5023948
2021-06-11 12:00:00,1.0175,1.0748,1.03,1.0453,10372511
2021-06-11 18:00:00,0.9572,1.0518,1.0452,0.9736,10114659
2021-06-12 00:00:00,0.9113,0.9736,0.9735,0.9248,11540424
2021-06-12 06:00:00,0.9225,0.9624,0.9253,0.9528,5494708
2021-06-12 12:00:00,0.951,0.9865,0.953,0.9771,4606764
2021-06-12 18:00:00,0.972,1.0181,0.9771,0.9906,5344134
2021-06-13 00:00:00,0.9629,1.0125,0.991,0.9712,5429050
2021-06-13 06:00:00,0.9672,1.0242,0.9711,1.0191,3097743
2021-06-13 12:00:00,0.9924,1.0462,1.0187,1.0409,5535101
2021-06-13 18:00:00,1.029,1.0657,1.0405,1.0417,7081457
2021-06-14 00:00:00,1.0266,1.0782,1.042,1.0515,5592593
2021-06-14 06:00:00,1.025,1.0515,1.0515,1.0427,2595935
2021-06-14 12:00:00,1.0342,1.09,1.043,1.0653,9109619
2021-06-14 18:00:00,1.035,1.0683,1.0655,1.056,5212245
2021-06-15 00:00:00,1.045,1.0809,1.0562,1.0771,5806010
2021-06-15 06:00:00,1.0485,1.0932,1.0771,1.0555,4960882
2021-06-15 12:00:00,1.0276,1.069,1.055,1.0569,7076619
2021-06-15 18:00:00,1.0241,1.0692,1.0569,1.032,5307093
2021-06-16 00:00:00,1.01,1.0422,1.0321,1.0401,5024189
2021-06-16 06:00:00,1.0145,1.0564,1.04,1.0205,2487867
2021-06-16 12:00:00,0.9989,1.0253,1.0204,1.0203,5133170
2021-06-16 18:00:00,1.0001,1.0269,1.0194,1.0165,3534504
2021-06-17 00:00:00,1.0134,1.0736,1.0168,1.0533,5344966
2021-06-17 06:00:00,1.05,1.0799,1.0536,1.0616,3389148
2021-06-17 12:00:00,1.0372,1.0845,1.0621,1.0448,5834568
2021-06-17 18:00:00,1.0396,1.0728,1.0446,1.0641,4570337
2021-06-18 00:00:00,1.039,1.091,1.0641,1.0463,4994871
2021-06-18 06:00:00,1.0101,1.0489,1.0462,1.0197,3867446
2021-06-18 12:00:00,0.9755,1.0228,1.0199,0.9835,9005362
2021-06-18 18:00:00,0.9604,0.9926,0.9828,0.9924,6537468
2021-06-19 00:00:00,0.9573,0.9927,0.9924,0.9825,5898888
2021-06-19 06:00:00,0.9602,0.9851,0.9829,0.9634,2347331
2021-06-19 12:00:00,0.953,0.9798,0.9634,0.9571,5106507
2021-06-19 18:00:00,0.935,0.9627,0.9569,0.935,5743787
2021-06-20 00:00:00,0.918,0.9463,0.9351,0.9416,4487315
2021-06-20 06:00:00,0.887,0.9458,0.9414,0.8894,5449471
2021-06-20 12:00:00,0.8783,0.9322,0.8891,0.9205,5467790
2021-06-20 18:00:00,0.9203,0.9563,0.9203,0.9342,3321736
2021-06-21 00:00:00,0.864,0.9412,0.9342,0.8926,6852857
2021-06-21 06:00:00,0.8088,0.8989,0.8926,0.8387,11096637
2021-06-21 12:00:00,0.8093,0.8659,0.8387,0.8139,13336794
2021-06-21 18:00:00,0.7508,0.8397,0.8145,0.7544,11455519
2021-06-22 00:00:00,0.7304,0.86,0.7539,0.816,16983696
2021-06-22 06:00:00,0.725,0.8296,0.816,0.7258,8695630
2021-06-22 12:00:00,0.6702,0.7985,0.7264,0.7928,28449327
2021-06-22 18:00:00,0.7321,0.8292,0.7932,0.7443,8318306
2021-06-23 00:00:00,0.7142,0.8217,0.7441,0.821,10468005
2021-06-23 06:00:00,0.8079,0.8505,0.8219,0.8378,4250518
2021-06-23 12:00:00,0.8182,0.8719,0.8383,0.8237,8078691
2021-06-23 18:00:00,0.7838,0.8346,0.8233,0.8328,6123739
2021-06-24 00:00:00,0.7944,0.846,0.8334,0.827,6192402
2021-06-24 06:00:00,0.8144,0.8617,0.827,0.8583,2567878
2021-06-24 12:00:00,0.8568,0.8944,0.859,0.8822,5272883
2021-06-24 18:00:00,0.8667,0.891,0.8832,0.8742,3055237
2021-06-25 00:00:00,0.8584,0.8989,0.8745,0.8643,4822665
2021-06-25 06:00:00,0.8226,0.8784,0.8638,0.8271,5126411
2021-06-25 12:00:00,0.7849,0.844,0.8261,0.786,9928455
2021-06-25 18:00:00,0.7772,0.8157,0.7864,0.7916,6772208
2021-06-26 00:00:00,0.7764,0.8265,0.7914,0.8152,5570110
2021-06-26 06:00:00,0.7601,0.8223,0.8159,0.7959,3301319
2021-06-26 12:00:00,0.7624,0.799,0.7963,0.7964,4612758
2021-06-26 18:00:00,0.7704,0.8094,0.7965,0.8091,3235010
2021-06-27 00:00:00,0.7987,0.8283,0.8092,0.8049,3632413
2021-06-27 06:00:00,0.7852,0.8174,0.8045,0.7932,4449041
2021-06-27 12:00:00,0.7839,0.8089,0.7933,0.7935,4692377
2021-06-27 18:00:00,0.7719,0.8426,0.7933,0.8352,5251644
2021-06-28 00:00:00,0.822,0.8512,0.8359,0.829,3952342
2021-06-28 06:00:00,0.8257,0.8611,0.8295,0.8455,4701859
2021-06-28 12:00:00,0.8317,0.865,0.8463,0.8425,4656245
2021-06-28 18:00:00,0.8325,0.8577,0.8429,0.8425,3713307
2021-06-29 00:00:00,0.8392,0.8727,0.8429,0.8725,3815956
2021-06-29 06:00:00,0.8723,0.9174,0.8727,0.9111,4102195
2021-06-29 12:00:00,0.8951,0.9244,0.9107,0.8993,5458264
2021-06-29 18:00:00,0.8756,0.9007,0.8992,0.8888,5396784
2021-06-30 00:00:00,0.8485,0.9114,0.8879,0.8586,7706739
2021-06-30 06:00:00,0.8535,0.8773,0.8578,0.8668,3764485
2021-06-30 12:00:00,0.8342,0.8707,0.8662,0.8571,3441975
2021-06-30 18:00:00,0.849,0.8839,0.8574,0.8831,3729428
2021-07-01 00:00:00,0.8478,0.884,0.8838,0.861,2979305
2021-07-01 00:00:00,0.8478,0.884,0.8838,0.861,2979305
2021-07-01 06:00:00,0.8291,0.8659,0.8607,0.8465,3094582
2021-07-01 12:00:00,0.8219,0.8503,0.8464,0.8408,3594082
2021-07-01 18:00:00,0.811,0.845,0.8407,0.834,4179844
2021-07-02 00:00:00,0.8051,0.8449,0.8335,0.8076,3058072
2021-07-02 06:00:00,0.799,0.825,0.8072,0.8089,2106173
2021-07-02 12:00:00,0.8046,0.8403,0.8093,0.8307,2663904
2021-07-02 18:00:00,0.8223,0.8459,0.831,0.8456,1850945
2021-07-03 00:00:00,0.8342,0.8547,0.8458,0.8525,1523324
2021-07-03 06:00:00,0.8452,0.8662,0.8523,0.8613,1219614
2021-07-03 12:00:00,0.8585,0.8745,0.8603,0.8703,2212622
2021-07-03 18:00:00,0.8596,0.885,0.8708,0.8766,2578028
2021-07-04 00:00:00,0.857,0.8944,0.8766,0.8908,2012725
2021-07-04 06:00:00,0.8905,0.9116,0.8905,0.9061,1545941
2021-07-04 12:00:00,0.8901,0.9145,0.906,0.912,2596002
2021-07-04 18:00:00,0.8763,0.9122,0.9119,0.8796,2815623
2021-07-05 00:00:00,0.8554,0.8814,0.8798,0.8662,3455085
2021-07-05 06:00:00,0.8389,0.8815,0.8666,0.8442,2240068
2021-07-05 12:00:00,0.8414,0.8797,0.8427,0.8797,3372365
2021-07-05 18:00:00,0.8723,0.8923,0.8796,0.8733,3017912
2021-07-06 00:00:00,0.8721,0.9076,0.8733,0.9075,3367479
2021-07-06 06:00:00,0.8894,0.9225,0.9075,0.9161,3630013
2021-07-06 12:00:00,0.8907,0.9324,0.9162,0.9031,4897044
2021-07-06 18:00:00,0.8849,0.915,0.9022,0.9129,2924929
2021-07-07 00:00:00,0.9019,0.93,0.9129,0.9229,3052104
2021-07-07 06:00:00,0.9044,0.9239,0.9229,0.9186,1724300
2021-07-07 12:00:00,0.9155,0.94,0.9183,0.939,4087557
2021-07-07 18:00:00,0.9031,0.9411,0.939,0.9057,2914101
2021-07-08 00:00:00,0.8678,0.9079,0.905,0.8679,3325591
2021-07-08 06:00:00,0.8477,0.8858,0.8676,0.8688,2901363
2021-07-08 12:00:00,0.8517,0.8819,0.8683,0.8805,2371998
2021-07-08 18:00:00,0.8485,0.8837,0.8818,0.8678,2662507
2021-07-09 00:00:00,0.8293,0.873,0.8674,0.8627,4087378
2021-07-09 06:00:00,0.8563,0.9109,0.8619,0.8861,6083617
2021-07-09 12:00:00,0.8776,0.9327,0.8857,0.9099,4128152
2021-07-09 18:00:00,0.9005,0.9235,0.9095,0.9057,2290692
2021-07-10 00:00:00,0.8812,0.922,0.906,0.888,2597879
2021-07-10 06:00:00,0.8736,0.8948,0.8873,0.8852,1894803
2021-07-10 12:00:00,0.8715,0.9,0.8852,0.8762,2709758
2021-07-10 18:00:00,0.8672,0.8976,0.8763,0.8921,1559269
2021-07-11 00:00:00,0.8851,0.9076,0.8921,0.8974,1501025
2021-07-11 06:00:00,0.8968,0.9178,0.8978,0.9108,1281364
2021-07-11 12:00:00,0.9008,0.9182,0.9108,0.9012,1696006
2021-07-11 18:00:00,0.8911,0.9068,0.9012,0.8948,2398131
2021-07-12 00:00:00,0.8863,0.9045,0.8953,0.8936,1281795
2021-07-12 06:00:00,0.8708,0.8992,0.8935,0.8751,1473701
2021-07-12 12:00:00,0.8577,0.8841,0.875,0.8634,2795402
2021-07-12 18:00:00,0.8507,0.8734,0.8634,0.8678,2626748
2021-07-13 00:00:00,0.8505,0.8759,0.8675,0.8508,2328059
2021-07-13 06:00:00,0.8508,0.8736,0.8508,0.8591,1076350
2021-07-13 12:00:00,0.8495,0.8879,0.8582,0.8851,3437675
2021-07-13 18:00:00,0.8693,0.8984,0.8851,0.875,4194769
2021-07-14 00:00:00,0.8254,0.8813,0.875,0.8302,4987854
2021-07-14 06:00:00,0.8221,0.8577,0.8311,0.8523,2277334
2021-07-14 12:00:00,0.8473,0.8734,0.8526,0.8605,2435919
2021-07-14 18:00:00,0.847,0.8683,0.8605,0.8581,1784927
2021-07-15 00:00:00,0.8419,0.8793,0.8581,0.8481,2227034
2021-07-15 06:00:00,0.8303,0.8558,0.8472,0.8339,2734219
2021-07-15 12:00:00,0.8188,0.8428,0.8338,0.828,5574809
2021-07-15 18:00:00,0.8234,0.8439,0.828,0.834,1887453
2021-07-16 00:00:00,0.8253,0.8513,0.8347,0.8399,2302559
2021-07-16 06:00:00,0.7746,0.8407,0.8395,0.775,7200725
2021-07-16 12:00:00,0.774,0.8091,0.7746,0.8009,3624944
2021-07-16 18:00:00,0.7818,0.8039,0.8009,0.7846,2985807
2021-07-17 00:00:00,0.7735,0.8042,0.7843,0.8012,3460261
2021-07-17 06:00:00,0.772,0.8069,0.8015,0.7786,2422772
2021-07-17 12:00:00,0.7763,0.7972,0.7793,0.7909,2551402
2021-07-17 18:00:00,0.7824,0.799,0.7911,0.784,1590909
2021-07-18 00:00:00,0.7828,0.8143,0.7844,0.8027,2363522
2021-07-18 06:00:00,0.7903,0.8039,0.8028,0.8034,800103
2021-07-18 12:00:00,0.7751,0.8034,0.8033,0.7914,2077067
2021-07-18 18:00:00,0.7831,0.806,0.7913,0.7985,2450062
2021-07-19 00:00:00,0.781,0.8087,0.7982,0.8032,2338171
2021-07-19 06:00:00,0.7821,0.8056,0.804,0.7826,1199480
2021-07-19 12:00:00,0.7526,0.7877,0.7822,0.7585,4848993
2021-07-19 18:00:00,0.7477,0.7628,0.7589,0.7509,4076789
2021-07-20 00:00:00,0.6969,0.7657,0.751,0.7082,9024792
2021-07-20 06:00:00,0.676,0.7158,0.7084,0.6977,7349521
2021-07-20 12:00:00,0.6879,0.718,0.6979,0.7049,6137011
2021-07-20 18:00:00,0.6924,0.7167,0.7051,0.6967,2396621
2021-07-21 00:00:00,0.6818,0.7458,0.6966,0.7423,3909749
2021-07-21 06:00:00,0.7327,0.7634,0.7425,0.7609,1574737
2021-07-21 12:00:00,0.7512,0.7831,0.762,0.7673,4359476
2021-07-21 18:00:00,0.7436,0.7828,0.7673,0.77,3286911
2021-07-22 00:00:00,0.754,0.784,0.7705,0.7629,4108702
2021-07-22 06:00:00,0.7617,0.7887,0.7621,0.7814,2908676
2021-07-22 12:00:00,0.7654,0.798,0.7811,0.7932,3175355
2021-07-22 18:00:00,0.7794,0.7996,0.7928,0.7964,4070091
2021-07-23 00:00:00,0.7919,0.8158,0.7971,0.8078,1810098
2021-07-23 06:00:00,0.7786,0.8084,0.8079,0.7813,2984405
2021-07-23 12:00:00,0.771,0.8062,0.7811,0.7759,3019478
2021-07-23 18:00:00,0.7708,0.8114,0.7761,0.8081,2274748
2021-07-24 00:00:00,0.8018,0.8275,0.8083,0.8258,3486094
2021-07-24 06:00:00,0.8171,0.8444,0.8259,0.8444,2107171
2021-07-24 12:00:00,0.83,0.847,0.8434,0.8392,2871397
2021-07-24 18:00:00,0.8105,0.8416,0.8392,0.8265,2768729
2021-07-25 00:00:00,0.8026,0.8336,0.8267,0.8174,2432535
2021-07-25 06:00:00,0.8083,0.8242,0.8167,0.8089,1216227
2021-07-25 12:00:00,0.7965,0.885,0.809,0.885,8425270
2021-07-25 18:00:00,0.875,0.9095,0.8843,0.8915,9223713
2021-07-26 00:00:00,0.8877,0.9336,0.891,0.9187,8840543
2021-07-26 06:00:00,0.8857,0.9242,0.9178,0.9029,2360069
2021-07-26 12:00:00,0.8729,0.9099,0.9028,0.8923,6305851
2021-07-26 18:00:00,0.8397,0.9082,0.8927,0.8479,8819935
2021-07-27 00:00:00,0.8252,0.8678,0.8482,0.8462,4143812
2021-07-27 06:00:00,0.8393,0.8691,0.8466,0.8682,1470658
2021-07-27 12:00:00,0.8222,0.8723,0.8681,0.8294,3638775
2021-07-27 18:00:00,0.8175,0.8576,0.8298,0.8573,3838895
2021-07-28 00:00:00,0.8365,0.8634,0.8573,0.8525,3619165
2021-07-28 06:00:00,0.842,0.8716,0.8524,0.87,2417330
2021-07-28 12:00:00,0.8284,0.8719,0.87,0.8304,5327022
2021-07-28 18:00:00,0.8283,0.8516,0.8301,0.8486,3194543
2021-07-29 00:00:00,0.8253,0.8489,0.8489,0.8377,1927948
2021-07-29 06:00:00,0.8328,0.85,0.8379,0.8373,1104819
2021-07-29 12:00:00,0.8315,0.8572,0.8374,0.8457,3950040
2021-07-29 18:00:00,0.83,0.852,0.8453,0.8462,2843979
2021-07-30 00:00:00,0.8393,0.8555,0.8464,0.8429,3854741
2021-07-30 06:00:00,0.8083,0.848,0.8429,0.8123,2494384
2021-07-30 12:00:00,0.8105,0.8308,0.8119,0.8272,3652681
2021-07-30 18:00:00,0.8222,0.8543,0.8272,0.8537,5008397
2021-07-31 00:00:00,0.8215,0.8593,0.8536,0.8301,3695780
2021-07-31 06:00:00,0.8245,0.8501,0.8308,0.84,2157996
2021-07-31 12:00:00,0.83,0.8559,0.8396,0.8318,5426436
2021-07-31 18:00:00,0.8313,0.8512,0.8315,0.8399,2651511
2021-08-01 00:00:00,0.8336,0.8631,0.8399,0.8489,5618098
2021-08-01 06:00:00,0.8453,0.8771,0.8492,0.8627,2163298
2021-08-01 12:00:00,0.831,0.8719,0.8622,0.8423,4774647
2021-08-01 18:00:00,0.804,0.855,0.8427,0.8123,3657188
2021-08-02 00:00:00,0.801,0.8205,0.8124,0.8168,3301726
2021-08-02 06:00:00,0.8092,0.8371,0.8166,0.8204,2283978
2021-08-02 12:00:00,0.8046,0.84,0.8207,0.8326,3323944
2021-08-02 18:00:00,0.8078,0.8338,0.8328,0.8166,2854678
2021-08-03 00:00:00,0.7908,0.8269,0.8166,0.7975,2847160
2021-08-03 06:00:00,0.793,0.8228,0.7971,0.812,1268648
2021-08-03 12:00:00,0.7998,0.8369,0.812,0.8206,4882654
2021-08-03 18:00:00,0.8143,0.8267,0.821,0.8188,2226604
2021-08-04 00:00:00,0.8029,0.8227,0.8185,0.8077,2188490
2021-08-04 06:00:00,0.8019,0.8225,0.8077,0.8212,1267136
2021-08-04 12:00:00,0.8175,0.8379,0.8213,0.8265,4093519
2021-08-04 18:00:00,0.8236,0.841,0.8266,0.8286,3224420
2021-08-05 00:00:00,0.8146,0.847,0.8282,0.8426,2966636
2021-08-05 06:00:00,0.8268,0.8514,0.8419,0.8303,2478222
2021-08-05 12:00:00,0.8109,0.8486,0.8303,0.8471,4375919
2021-08-05 18:00:00,0.8415,0.8599,0.8473,0.8507,5368030
2021-08-06 00:00:00,0.8228,0.8553,0.8508,0.8302,3659087
2021-08-06 06:00:00,0.8285,0.8502,0.8304,0.8385,1537333
2021-08-06 12:00:00,0.8334,0.87,0.8386,0.864,7087668
2021-08-06 18:00:00,0.8492,0.8667,0.864,0.8555,4510520
2021-08-07 00:00:00,0.8501,0.8745,0.8558,0.8733,4145014
2021-08-07 06:00:00,0.8573,0.8941,0.8734,0.8893,6867484
2021-08-07 12:00:00,0.8442,0.8956,0.8892,0.8639,9022022
2021-08-07 18:00:00,0.8545,0.8794,0.8639,0.8763,4906690
2021-08-08 00:00:00,0.8521,0.8861,0.876,0.8735,4815443
2021-08-08 06:00:00,0.8511,0.8826,0.8737,0.8532,2220298
2021-08-08 12:00:00,0.8267,0.8853,0.8529,0.8289,6974994
2021-08-08 18:00:00,0.8169,0.8412,0.8288,0.8262,6828213
2021-08-09 00:00:00,0.8051,0.8312,0.826,0.8199,4014303
2021-08-09 06:00:00,0.8093,0.8567,0.8203,0.852,3347712
2021-08-09 12:00:00,0.8428,0.8715,0.8524,0.857,4799800
2021-08-09 18:00:00,0.8288,0.8631,0.857,0.8551,6964516
2021-08-10 00:00:00,0.8388,0.878,0.855,0.8702,4568529
2021-08-10 06:00:00,0.8662,0.89,0.8701,0.8875,4478535
2021-08-10 12:00:00,0.8605,0.9098,0.8877,0.8719,8911140
2021-08-10 18:00:00,0.8681,0.8923,0.8713,0.8829,3905705
2021-08-11 00:00:00,0.8774,0.9179,0.883,0.9159,4940413
2021-08-11 06:00:00,0.8986,0.926,0.916,0.9058,4866476
2021-08-11 12:00:00,0.9018,0.95,0.9058,0.9448,7600490
2021-08-11 18:00:00,0.9067,0.97,0.9445,0.9121,12585431
2021-08-12 00:00:00,0.8769,0.9642,0.9121,0.8964,8227902
2021-08-12 06:00:00,0.8801,0.9417,0.8959,0.9072,4877255
2021-08-12 12:00:00,0.8542,0.9135,0.9069,0.8747,8020321
2021-08-12 18:00:00,0.8614,0.8918,0.8747,0.8845,4268825
2021-08-13 00:00:00,0.8717,0.9075,0.8846,0.9014,4947187
2021-08-13 06:00:00,0.9014,0.9439,0.9015,0.9214,5398690
2021-08-13 12:00:00,0.9095,0.9443,0.9213,0.9279,7111055
2021-08-13 18:00:00,0.9159,0.958,0.9279,0.9552,5469014
2021-08-14 00:00:00,0.9332,0.965,0.9556,0.9576,4100993
2021-08-14 06:00:00,0.9103,0.982,0.9577,0.9351,7639395
2021-08-14 12:00:00,0.9165,0.951,0.9353,0.9382,5385978
2021-08-14 18:00:00,0.9175,0.9459,0.9374,0.933,2993328
2021-08-15 00:00:00,0.9307,0.9882,0.9338,0.9663,6603410
2021-08-15 06:00:00,0.9266,0.9768,0.9662,0.9478,3569523
2021-08-15 12:00:00,0.9263,0.9554,0.9469,0.9536,3912517
2021-08-15 18:00:00,0.952,1.0262,0.953,0.9963,9953587
2021-08-16 00:00:00,0.9724,1.0063,0.9966,1.0014,6867719
2021-08-16 06:00:00,0.9844,1.0288,1.0015,1.0122,5347949
2021-08-16 12:00:00,0.9541,1.0131,1.0122,0.9844,6738218
2021-08-16 18:00:00,0.9365,1.0023,0.9838,0.9458,7054878
2021-08-17 00:00:00,0.9107,0.9774,0.9461,0.9653,6126276
2021-08-17 06:00:00,0.9391,0.9933,0.9651,0.9868,3564234
2021-08-17 12:00:00,0.9276,0.993,0.987,0.9439,6368106
2021-08-17 18:00:00,0.8805,0.9553,0.943,0.8834,10584180
2021-08-18 00:00:00,0.85,0.9048,0.8834,0.9041,6254298
2021-08-18 06:00:00,0.8711,0.9164,0.9036,0.8725,2700659
2021-08-18 12:00:00,0.8729,0.9638,0.8729,0.9529,6078909
2021-08-18 18:00:00,0.895,0.9576,0.953,0.9221,5978575
2021-08-19 00:00:00,0.9128,0.9561,0.9224,0.9446,6348969
2021-08-19 06:00:00,0.9419,1.0211,0.944,0.968,11089641
2021-08-19 12:00:00,0.9594,1.0715,0.9675,1.0375,17493468
2021-08-19 18:00:00,1.0194,1.0544,1.038,1.0438,6231071
2021-08-20 00:00:00,1.0393,1.147,1.0438,1.1118,19277204
2021-08-20 06:00:00,1.0796,1.136,1.1126,1.0881,6815195
2021-08-20 12:00:00,1.0846,1.1313,1.0875,1.1295,7208730
2021-08-20 18:00:00,1.1017,1.1542,1.1286,1.1382,9716433
2021-08-21 00:00:00,1.0938,1.14,1.1381,1.1196,4524001
2021-08-21 06:00:00,1.1074,1.19,1.1196,1.1809,7951146
2021-08-21 12:00:00,1.163,1.224,1.1808,1.1717,12304656
2021-08-21 18:00:00,1.1304,1.1802,1.1724,1.149,7271659
2021-08-22 00:00:00,1.1494,1.244,1.1494,1.2084,10173066
2021-08-22 06:00:00,1.175,1.2174,1.2084,1.1874,3281219
2021-08-22 12:00:00,1.1322,1.1895,1.1871,1.1399,8435127
2021-08-22 18:00:00,1.1196,1.1636,1.1397,1.158,4910117
2021-08-23 00:00:00,1.1428,1.1881,1.158,1.1763,5628282
2021-08-23 06:00:00,1.1499,1.1863,1.1764,1.1581,2408872
2021-08-23 12:00:00,1.1144,1.1761,1.1581,1.1212,6681823
2021-08-23 18:00:00,1.11,1.1617,1.121,1.1611,6911298
2021-08-24 00:00:00,1.1103,1.1624,1.1611,1.135,4048972
2021-08-24 06:00:00,1.125,1.1597,1.1347,1.1404,4443975
2021-08-24 12:00:00,1.0145,1.1403,1.1403,1.0505,13901891
2021-08-24 18:00:00,1.035,1.0777,1.05,1.0369,8107534
2021-08-25 00:00:00,1.0351,1.0719,1.0365,1.066,6756298
2021-08-25 06:00:00,1.0002,1.0678,1.0667,1.0262,8919382
2021-08-25 12:00:00,1.0086,1.0804,1.0263,1.0752,6981550
2021-08-25 18:00:00,1.0502,1.08,1.0756,1.0651,3789531
2021-08-26 00:00:00,0.9914,1.0762,1.0652,1.0011,5991954
2021-08-26 06:00:00,0.978,1.0087,1.0011,0.9948,5213052
2021-08-26 12:00:00,0.971,1.0211,0.9953,0.9943,8027745
2021-08-26 18:00:00,0.9742,1.0175,0.9941,0.9891,4551078
2021-08-27 00:00:00,0.96,1.0013,0.9891,0.9896,6305834
2021-08-27 06:00:00,0.9857,1.0295,0.9897,1.016,3913877
2021-08-27 12:00:00,1.0032,1.0516,1.0159,1.0395,5164321
2021-08-27 18:00:00,1.0377,1.0666,1.0397,1.0651,4821858
2021-08-28 00:00:00,1.0381,1.0752,1.065,1.0514,4139292
2021-08-28 06:00:00,1.0336,1.063,1.0516,1.0379,2540135
2021-08-28 12:00:00,1.0229,1.053,1.0377,1.0478,3726894
2021-08-28 18:00:00,1.0297,1.0665,1.048,1.0395,3455951
2021-08-29 00:00:00,1.0,1.0675,1.0397,1.014,4954967
2021-08-29 06:00:00,1.0114,1.0453,1.0141,1.0164,3073479
2021-08-29 12:00:00,1.0065,1.0276,1.0168,1.0205,3952842
2021-08-29 18:00:00,1.0183,1.055,1.0203,1.0225,3208573
2021-08-30 00:00:00,0.99,1.0282,1.0224,1.0036,4925963
2021-08-30 06:00:00,0.9873,1.0122,1.0017,0.9943,2797530
2021-08-30 12:00:00,0.9778,1.05,0.9946,1.0453,6143521
2021-08-30 18:00:00,1.0166,1.098,1.0459,1.0207,10065961
2021-08-31 00:00:00,1.0028,1.085,1.0203,1.0788,10236121
2021-08-31 06:00:00,1.0578,1.17,1.0786,1.1451,13942273
2021-08-31 12:00:00,1.0962,1.1532,1.1453,1.1063,12380637
2021-08-31 18:00:00,1.0727,1.1199,1.1054,1.113,7161646
2021-09-01 00:00:00,1.08,1.1856,1.113,1.1681,11548536
2021-09-01 00:00:00,1.08,1.1856,1.113,1.1681,11548536
2021-09-01 06:00:00,1.1377,1.184,1.1682,1.1463,7501826
2021-09-01 12:00:00,1.1326,1.1612,1.1462,1.1448,5913287
2021-09-01 18:00:00,1.1449,1.1699,1.1449,1.1617,4962500
2021-09-02 00:00:00,1.1313,1.1631,1.1613,1.1433,5096235
2021-09-02 06:00:00,1.1421,1.1788,1.1431,1.1782,3448938
2021-09-02 12:00:00,1.1233,1.1789,1.1778,1.1453,7230709
2021-09-02 18:00:00,1.1322,1.1565,1.1455,1.1434,4467155
2021-09-03 00:00:00,1.109,1.2023,1.1431,1.1829,13033112
2021-09-03 06:00:00,1.1751,1.2702,1.1834,1.2303,12837623
2021-09-03 12:00:00,1.2224,1.2612,1.2301,1.2321,8777770
2021-09-03 18:00:00,1.1965,1.2492,1.2326,1.218,7682606
2021-09-04 00:00:00,1.1923,1.225,1.2185,1.2108,5346000
2021-09-04 06:00:00,1.1951,1.226,1.2108,1.2088,5281316
2021-09-04 12:00:00,1.1906,1.2406,1.2089,1.2078,7711427
2021-09-04 18:00:00,1.1937,1.2339,1.2077,1.2082,5332650
2021-09-05 00:00:00,1.1842,1.2157,1.2093,1.1906,5602608
2021-09-05 06:00:00,1.1822,1.2956,1.1903,1.2776,9213277
2021-09-05 12:00:00,1.2656,1.34,1.2783,1.3087,14393632
2021-09-05 18:00:00,1.293,1.3512,1.3087,1.3152,9894562
2021-09-06 00:00:00,1.2938,1.3462,1.3146,1.3405,8787749
2021-09-06 06:00:00,1.3329,1.3865,1.3403,1.3389,7700568
2021-09-06 12:00:00,1.2934,1.448,1.3384,1.425,27787253
2021-09-06 18:00:00,1.4022,1.4908,1.4259,1.4601,15579163
2021-09-07 00:00:00,1.4314,1.5,1.4598,1.4924,14294300
2021-09-07 06:00:00,1.32,1.515,1.4925,1.3583,17027500
2021-09-07 12:00:00,1.0307,1.4189,1.359,1.1851,31176945
2021-09-07 18:00:00,1.1612,1.2878,1.1853,1.2764,17178820
2021-09-08 00:00:00,1.2317,1.69,1.2769,1.5335,50944102
2021-09-08 06:00:00,1.475,1.8223,1.5336,1.7687,63738153
2021-09-08 12:00:00,1.6081,1.8948,1.7673,1.6247,80067480
2021-09-08 18:00:00,1.5805,1.968,1.6256,1.9129,70087012
2021-09-09 00:00:00,1.9125,2.2,1.913,2.0415,132561009
2021-09-09 06:00:00,1.95,2.1266,2.0416,2.0163,39458454
2021-09-09 12:00:00,1.9001,2.5,2.0171,2.3429,109413187
2021-09-09 18:00:00,2.2,2.486,2.344,2.3012,55867074
2021-09-10 00:00:00,2.0501,2.4302,2.3027,2.1339,45980221
2021-09-10 06:00:00,1.9611,2.2909,2.1343,2.115,36184222
2021-09-10 12:00:00,1.8437,2.1443,2.1151,2.0074,51301492
2021-09-10 18:00:00,1.8437,2.03,2.006,2.0152,38033577
2021-09-11 00:00:00,1.9776,2.29,2.0137,2.2184,48480502
2021-09-11 06:00:00,2.0225,2.2461,2.2179,2.0653,22063822
2021-09-11 12:00:00,2.0234,2.1675,2.066,2.1027,17455171
2021-09-11 18:00:00,1.9623,2.1326,2.1044,1.9948,16520349
2021-09-12 00:00:00,1.9,2.0513,1.9951,2.0355,17522563
2021-09-12 06:00:00,1.9802,2.2274,2.0355,2.1841,16128936
2021-09-12 12:00:00,2.0775,2.4735,2.1829,2.3663,37719625
2021-09-12 18:00:00,2.2125,2.4574,2.3652,2.3787,37580007
2021-09-13 00:00:00,2.1403,2.55,2.3778,2.1908,45862339
2021-09-13 06:00:00,2.0109,2.1962,2.1907,2.1002,23268455
2021-09-13 12:00:00,1.9831,2.3171,2.1004,2.229,40194364
2021-09-13 18:00:00,2.1416,2.3223,2.2292,2.1632,26875288
2021-09-14 00:00:00,2.0903,2.2137,2.1635,2.1534,17116747
2021-09-14 06:00:00,2.1228,2.2709,2.1534,2.1285,13093936
2021-09-14 12:00:00,2.0228,2.1516,2.1288,2.0798,28585288
2021-09-14 18:00:00,1.9889,2.0811,2.0801,2.0381,18471863
2021-09-15 00:00:00,2.0032,2.0833,2.0382,2.0833,14624129
2021-09-15 06:00:00,2.0262,2.0927,2.0834,2.0402,7479909
2021-09-15 12:00:00,2.0,2.0775,2.0389,2.0595,12088904
2021-09-15 18:00:00,2.0001,2.0739,2.0588,2.0153,9631767
2021-09-16 00:00:00,1.8638,2.0568,2.0154,2.0171,28209759
2021-09-16 06:00:00,2.0019,2.2248,2.016,2.1865,18763542
2021-09-16 12:00:00,2.0602,2.215,2.1843,2.0661,25059608
2021-09-16 18:00:00,2.0,2.1055,2.0642,2.038,16429311
2021-09-17 00:00:00,2.0039,2.1612,2.0389,2.0876,17807374
2021-09-17 06:00:00,1.9457,2.0935,2.0877,1.9817,13326106
2021-09-17 12:00:00,1.9151,2.0272,1.9806,1.9284,13333792
2021-09-17 18:00:00,1.892,1.9657,1.929,1.9249,13266321
2021-09-18 00:00:00,1.8955,2.0098,1.9244,2.0016,8791249
2021-09-18 06:00:00,1.9514,2.0199,2.0021,1.9564,6857543
2021-09-18 12:00:00,1.9354,2.1219,1.9561,2.092,17694150
2021-09-18 18:00:00,2.0236,2.13,2.0916,2.0716,13136556
2021-09-19 00:00:00,2.0205,2.1541,2.0725,2.0979,14545729
2021-09-19 06:00:00,1.9708,2.1385,2.098,1.9876,7416207
2021-09-19 12:00:00,1.9813,2.0493,1.9872,1.9897,13769606
2021-09-19 18:00:00,1.9416,2.0168,1.989,1.9747,9810704
2021-09-20 00:00:00,1.7624,1.9773,1.9739,1.8526,26894944
2021-09-20 06:00:00,1.62,1.8633,1.8529,1.6623,27417511
2021-09-20 12:00:00,1.548,1.7757,1.6613,1.7237,33776897
2021-09-20 18:00:00,1.6077,1.743,1.725,1.6756,20493201
2021-09-21 00:00:00,1.523,1.7388,1.6747,1.6606,23013521
2021-09-21 06:00:00,1.6639,1.8256,1.6639,1.8011,11987330
2021-09-21 12:00:00,1.645,1.8135,1.8013,1.6532,16059279
2021-09-21 18:00:00,1.5224,1.6956,1.6535,1.5753,24163066
2021-09-22 00:00:00,1.546,1.6697,1.5764,1.6575,16392993
2021-09-22 06:00:00,1.6265,1.7345,1.6568,1.6636,8516564
2021-09-22 12:00:00,1.6543,1.8633,1.6638,1.8155,23297557
2021-09-22 18:00:00,1.802,1.8983,1.8144,1.8463,19894655
2021-09-23 00:00:00,1.7881,1.8732,1.8468,1.8327,13505726
2021-09-23 06:00:00,1.8191,1.9473,1.833,1.8389,13595530
2021-09-23 12:00:00,1.8249,2.0387,1.8401,2.0176,22621476
2021-09-23 18:00:00,1.9722,2.0528,2.0197,2.0036,12274323
2021-09-24 00:00:00,1.8765,2.0079,2.003,1.9034,9092594
2021-09-24 06:00:00,1.6813,1.946,1.9029,1.7847,20532448
2021-09-24 12:00:00,1.7146,1.8403,1.7846,1.7841,19490136
2021-09-24 18:00:00,1.769,1.8434,1.7838,1.7866,12148647
2021-09-25 00:00:00,1.751,1.8172,1.7868,1.7587,8339142
2021-09-25 06:00:00,1.694,1.7843,1.7579,1.7577,6715086
2021-09-25 12:00:00,1.7181,1.7738,1.7577,1.7251,8693680
2021-09-25 18:00:00,1.7018,1.7517,1.7251,1.7312,5778269
2021-09-26 00:00:00,1.6422,1.7342,1.7311,1.6717,9945102
2021-09-26 06:00:00,1.5673,1.7343,1.6717,1.7107,10347434
2021-09-26 12:00:00,1.6909,1.75,1.7108,1.698,7328357
2021-09-26 18:00:00,1.6922,1.7826,1.6978,1.7767,6658571
2021-09-27 00:00:00,1.735,1.8584,1.7765,1.8284,12247363
2021-09-27 06:00:00,1.7707,1.8578,1.8296,1.8464,5707526
2021-09-27 12:00:00,1.7094,1.8592,1.8459,1.7192,10142810
2021-09-27 18:00:00,1.6699,1.7409,1.7195,1.6744,10030963
2021-09-28 00:00:00,1.665,1.7212,1.6736,1.6829,6764809
2021-09-28 06:00:00,1.6335,1.6957,1.6839,1.6643,7808156
2021-09-28 12:00:00,1.5931,1.6857,1.6643,1.6125,11560840
2021-09-28 18:00:00,1.5534,1.6427,1.6122,1.565,9329924
2021-09-29 00:00:00,1.5507,1.7499,1.5648,1.7125,10634260
2021-09-29 06:00:00,1.6425,1.7276,1.7124,1.6825,6550141
2021-09-29 12:00:00,1.575,1.685,1.6824,1.5806,8644508
2021-09-29 18:00:00,1.5508,1.6082,1.5803,1.6081,9679259
2021-09-30 00:00:00,1.5875,1.6667,1.6068,1.624,11637194
2021-09-30 06:00:00,1.5721,1.6431,1.6233,1.591,7305631
2021-09-30 12:00:00,1.578,1.6179,1.5917,1.6139,9697779
2021-09-30 18:00:00,1.593,1.6446,1.6137,1.6271,9464322
2021-10-01 00:00:00,1.5957,1.6375,1.6274,1.62,6601569
2021-10-01 06:00:00,1.6078,1.742,1.6201,1.7332,10386977
2021-10-01 12:00:00,1.7281,1.8157,1.7332,1.7989,16320408
2021-10-01 18:00:00,1.7341,1.813,1.799,1.773,10001988
2021-10-02 00:00:00,1.7121,1.7777,1.7735,1.7369,6184131
2021-10-02 06:00:00,1.7221,1.7567,1.7369,1.752,4118878
2021-10-02 12:00:00,1.7501,1.85,1.7524,1.8384,13784307
2021-10-02 18:00:00,1.7519,1.8845,1.8384,1.7693,15230045
2021-10-03 00:00:00,1.7322,1.8611,1.7701,1.8302,8466979
2021-10-03 06:00:00,1.7777,1.847,1.8293,1.8301,4604705
2021-10-03 12:00:00,1.8067,1.9545,1.83,1.9216,17663460
2021-10-03 18:00:00,1.9005,1.999,1.9216,1.986,16667655
2021-10-04 00:00:00,1.9138,2.0801,1.986,2.0414,28546129
2021-10-04 06:00:00,1.9411,2.0941,2.0416,1.9578,14206048
2021-10-04 12:00:00,1.8863,2.0185,1.9599,1.9762,21313292
2021-10-04 18:00:00,1.9176,2.0084,1.9764,1.9403,13573635
2021-10-05 00:00:00,1.9238,1.9949,1.9395,1.9864,9785845
2021-10-05 06:00:00,1.9787,2.063,1.9858,2.0278,9627907
2021-10-05 12:00:00,1.9202,2.0292,2.0273,1.945,12229100
2021-10-05 18:00:00,1.93,1.9978,1.943,1.9505,9643854
2021-10-06 00:00:00,1.8559,1.9885,1.9517,1.8815,11805789
2021-10-06 06:00:00,1.7756,1.9108,1.8803,1.8168,10348108
2021-10-06 12:00:00,1.8128,1.9319,1.8167,1.9016,14052996
2021-10-06 18:00:00,1.8072,1.9072,1.903,1.8127,14753459
2021-10-07 00:00:00,1.7513,1.8278,1.8138,1.8208,12594063
2021-10-07 06:00:00,1.8051,1.8766,1.821,1.8664,8749641
2021-10-07 12:00:00,1.826,1.9388,1.8662,1.916,16006156
2021-10-07 18:00:00,1.8652,1.9293,1.9167,1.8916,9807746
2021-10-08 00:00:00,1.8777,1.9714,1.8915,1.9421,10923189
2021-10-08 06:00:00,1.9087,1.9682,1.9423,1.9287,4810412
2021-10-08 12:00:00,1.8839,2.0,1.9289,1.9537,13232091
2021-10-08 18:00:00,1.8836,1.9714,1.9526,1.8985,6998904
2021-10-09 00:00:00,1.8607,1.9125,1.8997,1.8903,5304447
2021-10-09 06:00:00,1.8659,1.91,1.8932,1.9074,4492240
2021-10-09 12:00:00,1.889,1.9495,1.9071,1.8932,6944263
2021-10-09 18:00:00,1.8756,1.9105,1.8927,1.8929,4245321
2021-10-10 00:00:00,1.8319,1.8931,1.893,1.8735,6974572
2021-10-10 06:00:00,1.8422,1.8926,1.8728,1.8587,1939352
2021-10-10 12:00:00,1.808,1.8623,1.86,1.8242,4777610
2021-10-10 18:00:00,1.7589,1.8371,1.824,1.7664,9878484
2021-10-11 00:00:00,1.7454,1.8339,1.7664,1.7911,6615785
2021-10-11 06:00:00,1.7718,1.8327,1.7913,1.779,3923435
2021-10-11 12:00:00,1.7501,1.7883,1.7798,1.7551,7488520
2021-10-11 18:00:00,1.6785,1.7595,1.7554,1.7162,10015094
2021-10-12 00:00:00,1.6273,1.7165,1.7153,1.6672,8655661
2021-10-12 06:00:00,1.6093,1.6753,1.6675,1.652,5428602
2021-10-12 12:00:00,1.608,1.7545,1.652,1.712,10633003
2021-10-12 18:00:00,1.6842,1.76,1.7121,1.7481,7003133
2021-10-13 00:00:00,1.6919,1.7659,1.7481,1.6919,5556681
2021-10-13 06:00:00,1.6877,1.736,1.6918,1.7235,4698149
2021-10-13 12:00:00,1.691,1.7422,1.723,1.7299,5422370
2021-10-13 18:00:00,1.7273,1.8453,1.7305,1.8377,12232236
2021-10-14 00:00:00,1.8016,1.8458,1.8376,1.8197,7705421
2021-10-14 06:00:00,1.7983,1.85,1.8188,1.8449,6231806
2021-10-14 12:00:00,1.8087,1.8825,1.8455,1.8151,7874644
2021-10-14 18:00:00,1.7785,1.8218,1.8158,1.8121,6448147
2021-10-15 00:00:00,1.7537,1.8122,1.8119,1.7938,6377262
2021-10-15 06:00:00,1.7345,1.8011,1.7935,1.7835,5484745
2021-10-15 12:00:00,1.7266,1.7833,1.7833,1.7514,9342109
2021-10-15 18:00:00,1.7467,1.7763,1.7517,1.7549,6213086
2021-10-16 00:00:00,1.7338,1.7655,1.7552,1.7453,5331843
2021-10-16 06:00:00,1.7427,1.83,1.745,1.8223,4929577
2021-10-16 12:00:00,1.7789,1.85,1.8224,1.8062,7704589
2021-10-16 18:00:00,1.79,1.825,1.8055,1.798,5140101
2021-10-17 00:00:00,1.769,1.8226,1.7977,1.8003,3692449
2021-10-17 06:00:00,1.7959,1.8923,1.8001,1.8378,5909496
2021-10-17 12:00:00,1.8031,1.8682,1.8379,1.8224,4020665
2021-10-17 18:00:00,1.7201,1.8315,1.8227,1.7684,11155092
2021-10-18 00:00:00,1.76,1.787,1.7693,1.7699,2988909
2021-10-18 06:00:00,1.7318,1.7815,1.7693,1.7379,2906519
2021-10-18 12:00:00,1.7137,1.758,1.7383,1.7224,4900726
2021-10-18 18:00:00,1.7161,1.7481,1.722,1.7372,3374365
2021-10-19 00:00:00,1.7206,1.7474,1.7368,1.7352,3016736
2021-10-19 06:00:00,1.7219,1.7646,1.7354,1.7614,2164798
2021-10-19 12:00:00,1.7107,1.768,1.7615,1.7166,5233470
2021-10-19 18:00:00,1.6861,1.7184,1.7165,1.71,6038752
2021-10-20 00:00:00,1.6869,1.7109,1.7103,1.6916,2515515
2021-10-20 06:00:00,1.6901,1.7282,1.6918,1.7214,1397682
2021-10-20 12:00:00,1.7205,1.7989,1.7208,1.7891,10317024
2021-10-20 18:00:00,1.7778,1.8228,1.7894,1.7906,6483632
2021-10-21 00:00:00,1.757,1.829,1.791,1.7898,5933062
2021-10-21 06:00:00,1.7674,1.87,1.7894,1.8224,7741149
2021-10-21 12:00:00,1.7522,1.8843,1.8226,1.757,10684815
2021-10-21 18:00:00,1.7571,1.8,1.7571,1.7838,4503225
2021-10-22 00:00:00,1.7716,1.8878,1.7841,1.8852,9232242
2021-10-22 06:00:00,1.8587,1.932,1.8856,1.9225,7798714
2021-10-22 12:00:00,1.821,1.94,1.9225,1.8551,11483653
2021-10-22 18:00:00,1.8235,1.8815,1.8539,1.8599,5296917
2021-10-23 00:00:00,1.854,1.9081,1.8602,1.8653,5041743
2021-10-23 06:00:00,1.8457,1.8963,1.8652,1.8882,3104806
2021-10-23 12:00:00,1.8878,1.9417,1.8891,1.8963,6237972
2021-10-23 18:00:00,1.8784,1.909,1.8955,1.9071,3657404
2021-10-24 00:00:00,1.8819,1.92,1.9072,1.8966,4814593
2021-10-24 06:00:00,1.8315,1.9038,1.8964,1.8361,3344743
2021-10-24 12:00:00,1.79,1.8525,1.8359,1.8236,5726630
2021-10-24 18:00:00,1.778,1.8287,1.8244,1.815,6549701
2021-10-25 00:00:00,1.8074,1.862,1.8152,1.8574,3251954
2021-10-25 06:00:00,1.8478,1.9371,1.8576,1.9334,5566891
2021-10-25 12:00:00,1.9319,2.022,1.9337,1.9641,16314923
2021-10-25 18:00:00,1.9476,2.0759,1.9636,2.0482,10835142
2021-10-26 00:00:00,1.9986,2.1,2.0484,1.9996,11546480
2021-10-26 06:00:00,1.9827,2.0405,1.9993,1.9862,4178045
2021-10-26 12:00:00,1.96,2.0362,1.9868,2.0298,8998778
2021-10-26 18:00:00,1.9485,2.0683,2.0301,2.0428,10070810
2021-10-27 00:00:00,1.9781,2.0885,2.0443,1.9799,10102486
2021-10-27 06:00:00,1.7057,1.9942,1.9795,1.8057,17332942
2021-10-27 12:00:00,1.7935,1.8617,1.8051,1.8241,11524136
2021-10-27 18:00:00,1.7812,1.8523,1.8247,1.795,9235204
2021-10-28 00:00:00,1.7751,1.8398,1.7945,1.8015,8280038
2021-10-28 06:00:00,1.752,1.85,1.8016,1.8346,6585996
2021-10-28 12:00:00,1.8251,1.8819,1.8357,1.8548,9666424
2021-10-28 18:00:00,1.8026,1.8762,1.8553,1.8452,8334741
2021-10-29 00:00:00,1.8361,1.902,1.8455,1.8601,8419989
2021-10-29 06:00:00,1.8409,1.8876,1.8602,1.8648,4178166
2021-10-29 12:00:00,1.8301,1.8893,1.8642,1.8884,8103677
2021-10-29 18:00:00,1.8605,1.9195,1.8885,1.876,7352965
2021-10-30 00:00:00,1.84,1.8785,1.876,1.8441,3089510
2021-10-30 06:00:00,1.821,1.8477,1.8441,1.8351,1622435
2021-10-30 12:00:00,1.777,1.8355,1.8355,1.8092,5759406
2021-10-30 18:00:00,1.7977,1.8313,1.81,1.8209,5169651
2021-10-31 00:00:00,1.8053,1.8536,1.8215,1.85,6140730
2021-10-31 06:00:00,1.761,1.8502,1.85,1.775,3868501
2021-10-31 12:00:00,1.757,1.8467,1.7753,1.8369,7949623
2021-10-31 18:00:00,1.8186,1.858,1.837,1.83,4389733
2021-11-01 00:00:00,1.7795,1.859,1.8287,1.8166,5053607
2021-11-01 00:00:00,1.7795,1.859,1.8287,1.8166,5053607
2021-11-01 06:00:00,1.8078,1.8629,1.8143,1.8294,2650160
2021-11-01 12:00:00,1.8175,1.868,1.8291,1.83,5624765
2021-11-01 18:00:00,1.8143,1.8382,1.8298,1.8344,3472379
2021-11-02 00:00:00,1.8314,1.8955,1.8352,1.8644,5687256
2021-11-02 06:00:00,1.8386,1.8942,1.8644,1.8829,3180956
2021-11-02 12:00:00,1.8708,1.9145,1.8831,1.8716,7951849
2021-11-02 18:00:00,1.8458,1.8817,1.8715,1.8647,6773760
2021-11-03 00:00:00,1.8207,1.8662,1.8662,1.8439,6182002
2021-11-03 06:00:00,1.8407,1.98,1.8445,1.9448,7463151
2021-11-03 12:00:00,1.8513,1.9464,1.9445,1.8997,8493940
2021-11-03 18:00:00,1.88,1.968,1.9002,1.9332,9773751
2021-11-04 00:00:00,1.8757,1.9628,1.934,1.8785,7263046
2021-11-04 06:00:00,1.8539,1.8986,1.8784,1.8563,3692958
2021-11-04 12:00:00,1.8254,1.8915,1.8562,1.8264,9639835
2021-11-04 18:00:00,1.8205,1.8638,1.8258,1.8592,4281465
2021-11-05 00:00:00,1.8427,1.8766,1.859,1.8752,3656886
2021-11-05 06:00:00,1.8555,1.8813,1.8751,1.8659,2471777
2021-11-05 12:00:00,1.839,1.9154,1.8662,1.8525,7876835
2021-11-05 18:00:00,1.8301,1.865,1.8528,1.8439,4070847
2021-11-06 00:00:00,1.8325,1.8601,1.8438,1.8594,2884916
2021-11-06 06:00:00,1.7854,1.8679,1.8597,1.7969,3957895
2021-11-06 12:00:00,1.78,1.8354,1.7966,1.8311,5072841
2021-11-06 18:00:00,1.8229,1.8429,1.8307,1.8375,3097945
2021-11-07 00:00:00,1.8241,1.8497,1.8375,1.8291,2494615
2021-11-07 06:00:00,1.8211,1.8377,1.8286,1.8357,1143513
2021-11-07 12:00:00,1.8311,1.86,1.836,1.8522,3522951
2021-11-07 18:00:00,1.8449,1.8723,1.8519,1.8678,4072295
2021-11-08 00:00:00,1.8365,1.8916,1.8682,1.8845,6412330
2021-11-08 06:00:00,1.856,1.9,1.8855,1.8995,2840081
2021-11-08 12:00:00,1.8936,2.09,1.8995,2.072,19514397
2021-11-08 18:00:00,2.0011,2.0733,2.0718,2.0474,12930257
2021-11-09 00:00:00,1.9721,2.058,2.048,1.9729,6533076
2021-11-09 06:00:00,1.9351,1.9985,1.9729,1.9545,3382156
2021-11-09 12:00:00,1.9314,2.02,1.9545,1.9808,9214634
2021-11-09 18:00:00,1.9388,1.9885,1.9808,1.946,5528685
2021-11-10 00:00:00,1.901,1.9544,1.9454,1.9068,4485554
2021-11-10 06:00:00,1.9078,1.9621,1.908,1.9466,1962815
2021-11-10 12:00:00,1.9327,2.2977,1.9466,2.1905,41148945
2021-11-10 18:00:00,1.85,2.2247,2.1901,1.9342,38112509
2021-11-11 00:00:00,1.8761,1.9509,1.9333,1.9429,10305945
2021-11-11 06:00:00,1.9343,2.0624,1.9433,2.0339,7249495
2021-11-11 12:00:00,1.9505,2.0399,2.034,1.9926,10793743
2021-11-11 18:00:00,1.9716,2.0597,1.9931,2.021,6984190
2021-11-12 00:00:00,2.0033,2.2974,2.0213,2.2688,33908639
2021-11-12 06:00:00,2.081,2.2639,2.2636,2.1252,15848213
2021-11-12 12:00:00,2.0969,2.3479,2.1272,2.2227,33998595
2021-11-12 18:00:00,2.1257,2.2773,2.2208,2.1456,14320191
2021-11-13 00:00:00,2.06,2.1629,2.1468,2.0724,7762032
2021-11-13 06:00:00,2.0359,2.0943,2.0725,2.0444,3436436
2021-11-13 12:00:00,2.0321,2.1277,2.0455,2.1211,7765244
2021-11-13 18:00:00,2.0739,2.123,2.1203,2.0744,5157637
2021-11-14 00:00:00,1.9904,2.1093,2.0744,1.9987,10705704
2021-11-14 06:00:00,1.9651,2.0161,1.9981,1.9968,4953002
2021-11-14 12:00:00,1.9197,2.0046,1.9975,1.9529,9822190
2021-11-14 18:00:00,1.9365,1.9852,1.9531,1.9845,7047312
2021-11-15 00:00:00,1.9435,2.0101,1.985,1.9571,8511874
2021-11-15 06:00:00,1.9116,1.9679,1.9567,1.9558,4649325
2021-11-15 12:00:00,1.9103,1.9787,1.9558,1.927,8021720
2021-11-15 18:00:00,1.8576,1.9366,1.926,1.891,8740778
2021-11-16 00:00:00,1.701,1.8918,1.8916,1.7538,30545280
2021-11-16 06:00:00,1.5637,1.7762,1.7532,1.711,15856635
2021-11-16 12:00:00,1.6728,1.7645,1.7094,1.7084,15913705
2021-11-16 18:00:00,1.6457,1.7639,1.7084,1.7245,13051368
2021-11-17 00:00:00,1.6276,1.7613,1.7241,1.6751,12012141
2021-11-17 06:00:00,1.6083,1.6967,1.6756,1.6924,6447761
2021-11-17 12:00:00,1.5962,1.6949,1.6924,1.6206,21657636
2021-11-17 18:00:00,1.618,1.6688,1.6206,1.6598,8682754
2021-11-18 00:00:00,1.648,2.82,1.66,1.9557,94466029
2021-11-18 06:00:00,1.7829,2.0238,1.9556,1.9144,45243186
2021-11-18 12:00:00,1.7375,1.9562,1.9142,1.8345,27656543
2021-11-18 18:00:00,1.803,1.9786,1.835,1.8496,20763979
2021-11-19 00:00:00,1.7539,1.9134,1.8501,1.8031,13186135
2021-11-19 06:00:00,1.7595,1.8334,1.8041,1.8204,4053406
2021-11-19 12:00:00,1.8105,1.8736,1.8198,1.8547,7823320
2021-11-19 18:00:00,1.8382,1.9091,1.8552,1.8803,6767957
2021-11-20 00:00:00,1.8135,1.9076,1.8808,1.8226,7017795
2021-11-20 06:00:00,1.8187,1.8443,1.8224,1.8313,2691311
2021-11-20 12:00:00,1.7611,1.8469,1.8312,1.7878,7013911
2021-11-20 18:00:00,1.7828,1.845,1.7876,1.8404,5302568
2021-11-21 00:00:00,1.7845,1.8429,1.84,1.8101,3733199
2021-11-21 06:00:00,1.7994,1.8751,1.8097,1.8313,3652644
2021-11-21 12:00:00,1.8107,1.8688,1.8312,1.8531,5202614
2021-11-21 18:00:00,1.8266,1.8943,1.854,1.8298,6986653
2021-11-22 00:00:00,1.7319,1.8397,1.8302,1.7741,9483787
2021-11-22 06:00:00,1.7522,1.7888,1.7736,1.7787,2483469
2021-11-22 12:00:00,1.7373,1.7998,1.778,1.7783,6743547
2021-11-22 18:00:00,1.7167,1.7855,1.7784,1.7401,7199802
2021-11-23 00:00:00,1.7202,1.7562,1.7395,1.7381,5799613
2021-11-23 06:00:00,1.7,1.749,1.7374,1.7112,4682480
2021-11-23 12:00:00,1.707,1.7873,1.7111,1.768,5925899
2021-11-23 18:00:00,1.762,1.85,1.7688,1.8358,8855464
2021-11-24 00:00:00,1.7828,1.872,1.8364,1.8328,6446036
2021-11-24 06:00:00,1.7822,1.8361,1.8325,1.7891,3736938
2021-11-24 12:00:00,1.7202,1.7968,1.789,1.7326,8397539
2021-11-24 18:00:00,1.7213,1.7605,1.7344,1.7421,5467670
2021-11-25 00:00:00,1.7246,1.7773,1.7421,1.7488,5443151
2021-11-25 06:00:00,1.741,1.78,1.7483,1.78,3262364
2021-11-25 12:00:00,1.7728,1.8424,1.7796,1.8316,8585562
2021-11-25 18:00:00,1.8144,1.8451,1.8321,1.8228,7030780
2021-11-26 00:00:00,1.7743,1.8247,1.8233,1.7873,4904389
2021-11-26 06:00:00,1.6,1.8063,1.7875,1.6027,18097171
2021-11-26 12:00:00,1.5873,1.7022,1.6034,1.6333,17932282
2021-11-26 18:00:00,1.5955,1.6354,1.6331,1.6075,15887960
2021-11-27 00:00:00,1.6019,1.7,1.6062,1.6648,6682818
2021-11-27 06:00:00,1.6435,1.6983,1.6644,1.6759,3196388
2021-11-27 12:00:00,1.6752,1.7115,1.6774,1.7005,4766198
2021-11-27 18:00:00,1.6319,1.7255,1.7006,1.6768,5937937
2021-11-28 00:00:00,1.6025,1.7119,1.6759,1.6532,6898507
2021-11-28 06:00:00,1.624,1.6637,1.6535,1.6443,2178846
2021-11-28 12:00:00,1.5968,1.65,1.6444,1.607,4049499
2021-11-28 18:00:00,1.5719,1.7165,1.6073,1.7144,7481702
2021-11-29 00:00:00,1.7023,1.7279,1.7147,1.7072,5172867
2021-11-29 06:00:00,1.6934,1.75,1.7066,1.7256,3315856
2021-11-29 12:00:00,1.7229,1.8308,1.7255,1.7864,11746264
2021-11-29 18:00:00,1.7733,1.8337,1.787,1.7747,7375522
2021-11-30 00:00:00,1.7516,1.7944,1.7746,1.7539,5625204
2021-11-30 06:00:00,1.7319,1.7896,1.7539,1.7838,5123891
2021-11-30 12:00:00,1.7532,1.88,1.7833,1.8554,14087411
2021-11-30 18:00:00,1.8076,1.8607,1.8558,1.8142,8206009
2021-12-01 00:00:00,1.8045,1.8849,1.815,1.8668,13109161
2021-12-01 06:00:00,1.8585,1.98,1.8673,1.9647,13422926
2021-12-01 12:00:00,1.923,2.0292,1.966,1.9867,19974805
2021-12-01 18:00:00,1.8974,2.0,1.9859,1.9644,18198715
2021-12-02 00:00:00,1.855,2.0429,1.9637,1.8843,14901720
2021-12-02 06:00:00,1.8509,1.9041,1.8847,1.8866,3189756
2021-12-02 12:00:00,1.8528,1.9103,1.8875,1.9095,8205221
2021-12-02 18:00:00,1.878,1.9301,1.9096,1.8896,9032180
2021-12-03 00:00:00,1.853,1.9154,1.8892,1.9062,6184394
2021-12-03 06:00:00,1.9019,1.9432,1.9066,1.904,3853245
2021-12-03 12:00:00,1.7804,1.9175,1.9043,1.8036,10116910
2021-12-03 18:00:00,1.7,1.8175,1.8035,1.7476,10736569
2021-12-04 00:00:00,1.4,1.7471,1.7467,1.5072,25013918
2021-12-04 06:00:00,1.4448,1.6493,1.5072,1.4788,13074308
2021-12-04 12:00:00,1.4795,1.6579,1.4801,1.6387,13847849
2021-12-04 18:00:00,1.6301,1.7,1.6371,1.6539,7082593
2021-12-05 00:00:00,1.6113,1.6834,1.6529,1.6561,5052958
2021-12-05 06:00:00,1.614,1.717,1.656,1.7014,4521265
2021-12-05 12:00:00,1.5875,1.7588,1.7006,1.7543,17064178
2021-12-05 18:00:00,1.66,1.7677,1.7549,1.7671,12789093
2021-12-06 00:00:00,1.68,1.8386,1.7667,1.7721,15668334
2021-12-06 06:00:00,1.6155,1.8664,1.7726,1.6695,17721345
2021-12-06 12:00:00,1.6378,1.7344,1.6697,1.7115,8510903
2021-12-06 18:00:00,1.6846,1.8025,1.7133,1.7632,8037645
2021-12-07 00:00:00,1.7531,1.8033,1.7637,1.7782,4718488
2021-12-07 06:00:00,1.7643,1.8121,1.7784,1.771,2792646
2021-12-07 12:00:00,1.7055,1.7748,1.7714,1.7231,7539185
2021-12-07 18:00:00,1.6657,1.7256,1.7228,1.687,6134457
2021-12-08 00:00:00,1.6464,1.6956,1.6865,1.663,3686002
2021-12-08 06:00:00,1.5987,1.6955,1.6631,1.6302,4123111
2021-12-08 12:00:00,1.6206,1.6967,1.6314,1.6719,5257972
2021-12-08 18:00:00,1.6655,1.7039,1.6715,1.7039,3434710
2021-12-09 00:00:00,1.6346,1.7153,1.703,1.6483,4043773
2021-12-09 06:00:00,1.6257,1.6725,1.6473,1.6659,2892201
2021-12-09 12:00:00,1.5768,1.6793,1.6647,1.5803,7015649
2021-12-09 18:00:00,1.5453,1.589,1.5802,1.5488,7092359
2021-12-10 00:00:00,1.5479,1.5937,1.5486,1.5673,3201951
2021-12-10 06:00:00,1.5039,1.5775,1.5677,1.5734,3344859
2021-12-10 12:00:00,1.4864,1.601,1.5732,1.4964,7177268
2021-12-10 18:00:00,1.4575,1.5349,1.4969,1.4607,5225093
2021-12-11 00:00:00,1.4308,1.5038,1.4596,1.4946,6394015
2021-12-11 06:00:00,1.4804,1.5147,1.495,1.4956,1937072
2021-12-11 12:00:00,1.4854,1.5778,1.4979,1.5173,4172996
2021-12-11 18:00:00,1.4961,1.5369,1.5172,1.5279,3154587
2021-12-12 00:00:00,1.512,1.5405,1.5295,1.5152,2987237
2021-12-12 06:00:00,1.5101,1.5518,1.5149,1.5377,1452654
2021-12-12 12:00:00,1.5194,1.5497,1.537,1.5463,2169422
2021-12-12 18:00:00,1.5405,1.5671,1.547,1.5405,2913981
2021-12-13 00:00:00,1.4773,1.5588,1.5408,1.5029,4568974
2021-12-13 06:00:00,1.4657,1.5032,1.5024,1.5003,1476223
2021-12-13 12:00:00,1.3603,1.5131,1.4999,1.385,14224189
2021-12-13 18:00:00,1.3168,1.3891,1.3844,1.3214,13003741
2021-12-14 00:00:00,1.3094,1.3537,1.3209,1.3222,9395343
2021-12-14 06:00:00,1.31,1.37,1.3242,1.3682,4726263
2021-12-14 12:00:00,1.3353,1.3848,1.3691,1.3373,5047088
2021-12-14 18:00:00,1.3146,1.3943,1.3372,1.3815,6706609
2021-12-15 00:00:00,1.3563,1.3878,1.3813,1.3685,3503922
2021-12-15 06:00:00,1.3651,1.399,1.3685,1.3716,2019954
2021-12-15 12:00:00,1.305,1.3767,1.3712,1.3445,5688899
2021-12-15 18:00:00,1.3373,1.4552,1.3448,1.4271,8772783
2021-12-16 00:00:00,1.4117,1.4417,1.4267,1.4157,2936988
2021-12-16 06:00:00,1.413,1.4603,1.4161,1.4578,1798555
2021-12-16 12:00:00,1.4262,1.4678,1.4578,1.4262,3007133
2021-12-16 18:00:00,1.383,1.4361,1.4275,1.3875,3749240
2021-12-17 00:00:00,1.384,1.4053,1.3873,1.3915,1728248
2021-12-17 06:00:00,1.3574,1.3944,1.3918,1.3603,1544592
2021-12-17 12:00:00,1.3191,1.3918,1.3604,1.3538,4602640
2021-12-17 18:00:00,1.3389,1.376,1.354,1.3516,2798391
2021-12-18 00:00:00,1.3329,1.3728,1.3517,1.3601,3063602
2021-12-18 06:00:00,1.3535,1.3848,1.3604,1.3747,2151283
2021-12-18 12:00:00,1.3713,1.3998,1.3756,1.3805,3132759
2021-12-18 18:00:00,1.3603,1.3887,1.3806,1.3793,2170502
2021-12-19 00:00:00,1.3741,1.4352,1.3793,1.3999,4051173
2021-12-19 06:00:00,1.3673,1.4061,1.3997,1.3944,1404672
2021-12-19 12:00:00,1.3796,1.4085,1.3941,1.3827,2525277
2021-12-19 18:00:00,1.3533,1.3829,1.3827,1.3564,2273738
2021-12-20 00:00:00,1.3132,1.3578,1.3564,1.3144,3237757
2021-12-20 06:00:00,1.2734,1.3191,1.3143,1.2876,4261694
2021-12-20 12:00:00,1.2572,1.291,1.2872,1.2823,5205245
2021-12-20 18:00:00,1.2769,1.3219,1.2825,1.2978,3573483
2021-12-21 00:00:00,1.291,1.3796,1.2973,1.3347,7939721
2021-12-21 06:00:00,1.3329,1.3658,1.3347,1.336,2381074
2021-12-21 12:00:00,1.325,1.3524,1.3359,1.3401,4208073
2021-12-21 18:00:00,1.3369,1.3636,1.3402,1.3577,4658535
2021-12-22 00:00:00,1.3423,1.3724,1.3582,1.3646,3729642
2021-12-22 06:00:00,1.3566,1.3842,1.3644,1.381,2677311
2021-12-22 12:00:00,1.3548,1.4167,1.381,1.3815,7685695
2021-12-22 18:00:00,1.3584,1.4046,1.381,1.3641,5341816
2021-12-23 00:00:00,1.3482,1.3896,1.3642,1.3594,4857591
2021-12-23 06:00:00,1.3449,1.3836,1.3589,1.3658,2702276
2021-12-23 12:00:00,1.3654,1.45,1.366,1.447,6463123
2021-12-23 18:00:00,1.4478,1.49,1.4478,1.4697,6185282
2021-12-24 00:00:00,1.4467,1.4805,1.4706,1.464,3970065
2021-12-24 06:00:00,1.4501,1.52,1.4634,1.5158,3014066
2021-12-24 12:00:00,1.5011,1.65,1.5156,1.6242,15979669
2021-12-24 18:00:00,1.54,1.6252,1.6247,1.576,7585991
2021-12-25 00:00:00,1.5533,1.6003,1.5762,1.5615,4299355
2021-12-25 06:00:00,1.5384,1.5785,1.5614,1.5543,2027930
2021-12-25 12:00:00,1.5313,1.5732,1.5546,1.566,2923619
2021-12-25 18:00:00,1.5523,1.5853,1.5663,1.5748,3434586
2021-12-26 00:00:00,1.546,1.6218,1.5751,1.5906,6822120
2021-12-26 06:00:00,1.5651,1.6148,1.5911,1.5968,3117182
2021-12-26 12:00:00,1.5894,1.6434,1.5962,1.622,5161406
2021-12-26 18:00:00,1.5975,1.6308,1.6226,1.6079,4003700
2021-12-27 00:00:00,1.5807,1.6597,1.6081,1.6335,5364018
2021-12-27 06:00:00,1.5986,1.647,1.6332,1.6216,2447125
2021-12-27 12:00:00,1.6181,1.718,1.6207,1.7149,7110465
2021-12-27 18:00:00,1.6418,1.7264,1.7149,1.6631,5211064
2021-12-28 00:00:00,1.5365,1.6627,1.6627,1.5711,8731688
2021-12-28 06:00:00,1.548,1.5843,1.5702,1.5788,2050599
2021-12-28 12:00:00,1.4727,1.5887,1.577,1.4875,7718470
2021-12-28 18:00:00,1.45,1.4993,1.4871,1.4667,7875091
2021-12-29 00:00:00,1.457,1.5033,1.4667,1.471,4721361
2021-12-29 06:00:00,1.4557,1.4884,1.4717,1.4869,1719825
2021-12-29 12:00:00,1.4074,1.4901,1.4861,1.4716,6536219
2021-12-29 18:00:00,1.4712,1.6437,1.4712,1.5828,24550088
2021-12-30 00:00:00,1.5204,1.59,1.5823,1.584,9093075
2021-12-30 06:00:00,1.5795,1.6927,1.5837,1.669,7191343
2021-12-30 12:00:00,1.6446,1.769,1.67,1.731,17751595
2021-12-30 18:00:00,1.6982,1.7541,1.7307,1.7299,11508232
2021-12-31 00:00:00,1.655,1.7851,1.7299,1.6908,13862832
